–§—Ä–∞–Ω—Ü—É–∑—Å–∫–∏–π –±—É–ª—å–¥–æ–≥ - L'amour en fran√ßais!	12090184
–§—Ä–∞–Ω—Ü—É–∑—Å–∫–∏–π  –†—ç–ø	6099
–§—Ä–∞–Ω—Ü—É–∑—Å–∫–∏–π –Ø–∑—ã–∫–æ–≤–æ–π –ö–ª—É–±.      —Ñ—Ä–∞–Ω—Ü—É–∑–∫–∏–π,.—è–∑—ã–∫,–∫—É—Ä—Å—ã —Ñ—Ä–∞–Ω—Ü—É–∑—Å–∫–æ–≥–æ	24120867
–§—Ä–∞–Ω—Ü—É–∑—Å–∫–∏–π –ò–Ω–æ—Å—Ç—Ä–∞–Ω–Ω—ã–π –õ–µ–≥–∏–æ–Ω Legion Etrangere	845816
–§—Ä–∞–Ω—Ü—É–∑—Å–∫–∏–π –±—É–ª—å–¥–æ–≥.–ù–∞–π–¥–µ–Ω.–ü–æ—Ç–µ—Ä—è–Ω.–ü–æ–º–æ—â—å.–í–æ–∑—å–º—É	144285450
–§—Ä–∞–Ω—Ü—É–∑—Å–∫–∏–π –±—É–ª—å–¥–æ–≥.–ù–∞–π–¥–µ–Ω.–ü–æ—Ç–µ—Ä—è–Ω.–û—Ç–¥–∞–º.–í–æ–∑—å–º—É.	74103499
"ARMELLE"-–§–†–ê–ù–¶–£–ó–°–ö–ò–ô –ü–ê–†–§–Æ–ú/–ê–†–ú–ï–õ–¨/–°–ü–±	137418646
‚ô•‚ô•‚ô•‚ô•‚ô•–§—Ä–∞–Ω—Ü—É–∑—Å–∫–∏–π –±—É–ª—å–¥–æ–≥‚ô•‚ô•‚ô•‚ô•‚ô•	18503149
[–ù–û–í–´–ô –°–ü–ï–®–õ] Miraculous | –õ–µ–¥–∏ –ë–∞–≥ –∏ –°—É–ø–µ—Ä-–ö–æ—Ç	122455412
–§—Ä–∞–Ω—Ü—É–∑—Å–∫–∏–π –±—É–ª—å–¥–æ–≥	56707095
–§—Ä–∞–Ω—Ü—É–∑—Å–∫–∏–π –±—É–ª—å–¥–æ–≥ "–ë–£–õ–ï–°–ï–ú–¨–Ø"	14618836
–§—Ä–∞–Ω—Ü—É–∑—Å–∫–∏–π —è–∑—ã–∫ –¥–ª—è –Ω–∞—á–∏–Ω–∞—é—â–∏—Ö –≤ –∫–∞—Ä—Ç–∏–Ω–∫–∞—Ö	43775328
–§—Ä–∞–Ω—Ü—É–∑—Å–∫–∏–µ –±—É–ª—å–¥–æ–≥–∏ –£–§–ê –§—Ä–∞–Ω—Ü—É–∑—Å–∫–∏–π –±—É–ª—å–¥–æ–≥	75610163
‚àé  KWIZ.ME ‚ñ™ –∞–Ω–≥–ª–∏–π—Å–∫–∏–π –∏ —Ñ—Ä–∞–Ω—Ü—É–∑—Å–∫–∏–π —è–∑—ã–∫ ‚ñ™ ¬´ lounge  - ...... ? ¬ª ‚ñ™ –≤–∞—à —Å–ª–æ–≤–∞—Ä–Ω—ã–π –∑–∞–ø–∞—Å ONLINE	18519047
–¢–†–ö ¬´–§—Ä–∞–Ω—Ü—É–∑—Å–∫–∏–π –ë—É–ª—å–≤–∞—Ä¬ª	40815499
–§—Ä–∞–Ω—Ü—É–∑—Å–∫–∏–π –±—É–ª—å–¥–æ–≥.–†–æ—Å—Ç–æ–≤-–Ω–∞-–î–æ–Ω—É	35534036
–§—Ä–∞–Ω—Ü—É–∑—Å–∫–∏–π –î–≤–æ—Ä–∏–∫	42455794
–ü—Ä–µ–º–∏—è ¬´–û—Å–∫–∞—Ä¬ª ‚Äî Academy Awards¬Æ	7796286
–§—Ä–∞–Ω—Ü—É–∑—Å–∫–∏–π —è–∑—ã–∫	193879362
–§–†–ê–ù–¶–£–ó–°–ö–ò–ô –ë–£–õ–¨–î–û–ì, —â–µ–Ω–∫–∏ —Ñ—Ä–∞–Ω—Ü—É–∑—Å–∫–æ–≥–æ –±—É–ª—å–¥–æ–≥–∞	148202594
–¢–æ—Ä—Ç—ã –Ω–∞ –∑–∞–∫–∞–∑ "–°–ª–∞–¥–∫–∞—è —Ä–∞–¥–æ—Å—Ç—å"–ù–∏–∂–Ω–µ–∫–∞–º—Å–∫	58616034
—Ñ—Ä–∞–Ω—Ü—É–∑—Å–∫–∏–π –±—É–ª—å–¥–æ–≥ —Å–ø–± (—Ñ—Ä—É–Ω–∑–µ–Ω—Å–∫–∏–π —Ä–∞–π–æ–Ω)	28656142
–§—Ä–∞–Ω—Ü—É–∑—Å–∫–∏–π –±—É–ª—å–¥–æ–≥ - –ø—Ä–æ–¥–∞–∂–∞ —â–µ–Ω–∫–æ–≤ –°–ü–±	182363610
–§—Ä–∞–Ω—Ü—É–∑—Å–∫–∏–π –¥–≤–æ—Ä	22395378
–§—Ä–∞–Ω—Ü—É–∑—Å–∫–∏–π –ò–Ω–æ—Å—Ç—Ä–∞–Ω–Ω—ã–π –õ–µ–≥–∏–æ–Ω	3239461
–§—Ä–∞–Ω—Ü—É–∑—Å–∫–∏–µ —É—á–µ–±–Ω–∏–∫–∏	30369937
XL Media - –∏–∑–¥–∞—Ç–µ–ª—å—Å—Ç–≤–æ –∫–æ–º–∏–∫—Å–æ–≤ –∏ –º–∞–Ω–≥–∏	19731404
–§–†–ê–ù–¶–£–ó–°–ö–ò–ô –õ–ï–ì–ö–û	187663507
–§—Ä–∞–Ω—Ü—É–∑—Å–∫–∏–µ –ë—É–ª—å–¥–æ–≥–∏	1108800
–§—Ä–∞–Ω—Ü—É–∑—Å–∫–∏–µ –±—É–ª—å–¥–æ–≥–∏	46740100
–§—Ä–∞–Ω—Ü—É–∑—Å–∫–∏–π –ë—É–ª—å–¥–æ–≥ –ü–∏—Ç–æ–º–Ω–∏–∫ - Kobzevbullz	123317064
–§—Ä–∞–Ω—Ü—É–∑—Å–∫–∏–π –ü–µ–∫–∞—Ä—å	35220073
—Ñ—Ä–∞–Ω—Ü—É–∑—Å–∫–∏–π –±—É–ª—å–¥–æ–≥ –ø–∏—Ç-–∫ ''–ê–ú–ê–†–ê–ù–¢–ê –ì–ê–ô–õ–û–†–ê–î–ò–°"	123616705
–ø–∏—Ç–æ–º–Ω–∏–∫ —Ñ—Ä–∞–Ω—Ü—É–∑—Å–∫–∏—Ö –±—É–ª—å–¥–æ–≥–æ–≤ –í–∏—Ç–∞–ª –í—ç–π	15620464
–ê—Ñ—Ä–æ–∫–æ—Å–∏—á–∫–∏, –∑–∏–∑–∏, –≥–æ—Ñ—Ä–µ, –ø–æ–Ω–∏, —Ñ—Ä–∞–Ω—Ü—É–∑—Å–∫–∏–µ –∫–æ—Å–∏	23291180
–©–µ–Ω–∫–∏ —Ñ—Ä–∞–Ω—Ü—É–∑—Å–∫–æ–≥–æ –±—É–ª—å–¥–æ–≥–∞ –≤ –ö–∏—Ä–æ–≤–µ(–ø–∏—Ç–æ–º–Ω–∏–∫ –§—Ä	25784879
–ù–∞—Ü–∏–æ–Ω–∞–ª—å–Ω—ã–π –ö–∏–µ–≤–æ-–ü–µ—á–µ—Ä—Å–∫–∏–π –ó–∞–ø–æ–≤–µ–¥–Ω–∏–∫	33392083
–ë–û–†–î–û–°–ö–ò–ô –î–û–ì (—Ñ—Ä–∞–Ω—Ü—É–∑—Å–∫–∏–π –º–∞—Å—Ç–∏—Ñ)	62180952
–§—Ä–∞–Ω—Ü—É–∑—Å–∫–∏–π –∏–Ω–æ—Å—Ç—Ä–∞–Ω–Ω—ã–π –ª–µ–≥–∏–æ–Ω - –†–∞–±–æ—Ç–∞ –¥–ª—è –Ω–∞—Å—Ç–æ—è—â–∏—Ö –º—É–∂—á–∏–Ω	33512249
–§—Ä–∞–Ω—Ü—É–∑—Å–∫–∏–µ –±—É–ª—å–¥–æ–≥–∏ –≥.–ü–µ—Ä–º—å	70833813
–§—Ä–∞–Ω—Ü—É–∑—Å–∫–∏–µ –±—É–ª—å–¥–æ–≥–∏ –≥.–¢–æ–ª—å—è—Ç—Ç–∏	8746505
–§–ò–õ–¨–ú–´ –ù–ê –§–†–ê–ù–¶–£–ó–°–ö–û–ú/LES FILMS EN FRANCAIS ‚Ññ1	14256470
–§—Ä–∞–Ω—Ü—É–∑—Å–∫–∏–π –∫—Ä—É–≥–ª—ã–π –≥–æ–¥	10951776
–§—Ä–∞–Ω—Ü—É–∑—Å–∫–∏–π —è–∑—ã–∫ –≤ –û–¶ "–Æ–∂–Ω—ã–π –≥–æ—Ä–æ–¥"	152929882
–§—Ä–∞–Ω—Ü—É–∑—Å–∫–∏–µ –±—É–ª—å–¥–æ–≥–∏ –ö—Ä–∞—Å–Ω–æ—è—Ä—Å–∫–∞	7571753
~ –≠–º–∏—Ä –ö—É—Å—Ç—É—Ä–∏—Ü–∞ ~	68171
–ü–∏—Ç–æ–º–Ω–∏–∫ —Ñ—Ä–∞–Ω—Ü—É–∑—Å–∫–∏—Ö –±—É–ª—å–¥–æ–≥–æ–≤. –ü–µ—Ä–º—å.	87614291
–§—Ä–∞–Ω—Ü—É–∑—Å–∫–∏–µ –±—É–ª—å–¥–æ–≥–∏ –ê—Ä—Ö–∞–Ω–≥–µ–ª—å—Å–∫–∞	36185027
–§—Ä–∞–Ω—Ü—É–∑—Å–∫–∏–π —Ä–∞–∑–≥–æ–≤–æ—Ä–Ω—ã–π –∫–ª—É–±	25668857
–§—Ä–∞–Ω—Ü—É–∑—Å–∫–∏–µ –±—É–ª—å–¥–æ–≥–∏ –í–û–†–û–ù–ï–ñ–ê	7634377
–§—Ä–∞–Ω—Ü—É–∑—Å–∫–∏–µ –±—É–ª—å–¥–æ–≥–∏ –≤ –ö—Ä—ã–º—É	12585421
–ü–∏—Ç–æ–º–Ω–∏–∫ —Ñ—Ä–∞–Ω—Ü—É–∑—Å–∫–∏—Ö –±—É–ª—å–¥–æ–≥–æ–≤ "–í–õ–ê–°–¢–ï–õ–ò–ù –£–î–ê–ß–ò"	87308363
–ò–∑—É—á–µ–Ω–∏–µ —Ñ—Ä–∞–Ω—Ü—É–∑—Å–∫–æ–≥–æ —è–∑—ã–∫–∞	99943401
–ü–†–û–î–ê–Æ –©–ï–ù–Ø–¢ (–§–†–ê–ù–¶–£–ó–°–ö–ò–ô  –ë–£–õ–¨–î–û–ì)..–û–î–ï–°–°–ê	5591354
–ü–∞—Ä—Ñ—é–º–µ—Ä–∏—è | –ü–∞—Ä—Ñ—é–º | –î—É—Ö–∏ | –°–ü–±	37668232
–ê—Ñ—Ä–æ–∫–æ—Å–∏—á–∫–∏, —Ñ—Ä–∞–Ω—Ü—É–∑—Å–∫–∏–µ –∫–æ—Å–∏—á–∫–∏,–ü–æ–Ω–∏, –ó–ò–ó–ò –ú–æ—Å–∫–≤–∞	6319719
–î–º–∏—Ç—Ä–∏–π –ü–µ—Ç—Ä–æ–≤ –∞–Ω–≥–ª–∏–π—Å–∫–∏–π –Ω–µ–º–µ—Ü–∫–∏–π —Ñ—Ä–∞–Ω—Ü—É–∑—Å–∫–∏–π –∏	43385619
–ü—Ä–æ–¥–∞–∂–∞ —â–µ–Ω–∫–æ–≤ —Ñ—Ä–∞–Ω—Ü—É–∑—Å–∫–æ–≥–æ –±—É–ª—å–¥–æ–≥–∞ –Ω–µ—Å—Ç–∞–Ω–¥–∞—Ä—Ç–Ω	51403506
–©–µ–Ω–∫–∏ —Ñ—Ä–∞–Ω—Ü—É–∑—Å–∫–æ–≥–æ –±—É–ª—å–¥–æ–≥–∞, –ü—Ä–æ–¥–∞–∂–∞,–ø–æ–∫—É–ø–∫–∞	168918009
–î–∞—à–∏–Ω –î–æ–º | –ü–∏—Ç–æ–º–Ω–∏–∫ —Ñ—Ä–∞–Ω—Ü—É–∑—Å–∫–∏—Ö –±—É–ª—å–¥–æ–≥–æ–≤	32352589
–ü–∏—Ç–æ–º–Ω–∏–∫ –§—Ä–∞–Ω—Ü—É–∑—Å–∫–∏—Ö –ë—É–ª—å–¥–æ–≥–æ–≤ "–ò–ó –°–ê–ë–õ–ò–ù–û"	3592625
–†–µ—à–µ–±–Ω–∏–∫ —Ñ—Ä–∞–Ω—Ü—É–∑—Å–∫–∏–π —è–∑—ã–∫ 7-8 –∫–ª–∞—Å—Å	81324244
–§—Ä–∞–Ω—Ü—É–∑—Å–∫–∏–π —è–∑—ã–∫ –≤ –ß–µ–º–æ–¥–∞–Ω–µ	52807604
–©–µ–Ω–∫–∏ –≤ –ö—Ä—ã–º—É .–®–ø–∏—Ü –∏   –§—Ä–∞–Ω—Ü—É–∑—Å–∫–∏–π –±—É–ª—å–¥–æ–≥	53379907
‚òÖ The Simpsons/–°–∏–º–ø—Å–æ–Ω—ã - –≤—Å–µ —Å–µ–∑–æ–Ω—ã ‚òÖ	2945115
–§—Ä–∞–Ω—Ü—É–∑—Å–∫–∏–π –∞–≤—Ç–æ–ø–∞—Ä—Ñ—é–º "Meilleur" –û–±–Ω–∏–Ω—Å–∫	131488211
–§—Ä–∞–Ω—Ü—É–∑—Å–∫–∏–π –∫–ª—É–± –ù–°–û –ú–ì–ò–ú–û | Le Club fran√ßais	20935283
–§—Ä–∞–Ω—Ü—É–∑—Å–∫–∏–µ –±—É–ª—å–¥–æ–≥–∏  –≤ –¢–≤–µ—Ä–∏.	26761197
–ü–∏—Ç–æ–º–Ω–∏–∫ —Ñ—Ä–∞–Ω—Ü—É–∑—Å–∫–∏—Ö –±—É–ª—å–¥–æ–≥–æ–≤ "–ú–û–†–î–ê–®–ö–ê"	86010386
–§—Ä–∞–Ω—Ü—É–∑—Å–∫–æ–µ –∫–ª–∞—Å—Å–∏—á–µ—Å–∫–æ–µ –∫–∏–Ω–æ.	152731016
–§—Ä–µ–Ω—á –Ω–∞ –Ω–æ–≥—Ç—è—Ö. –§—Ä–∞–Ω—Ü—É–∑—Å–∫–∏–π –º–∞–Ω–∏–∫—é—Ä.	76246116
–¢–°–ñ –§—Ä–∞–Ω—Ü—É–∑—Å–∫–∏–π –∫–≤–∞—Ä—Ç–∞–ª	177458960
–ü–æ–ª–∏–≥–ª–æ—Ç. –í—ã—É—á–∏–º –§—Ä–∞–Ω—Ü—É–∑—Å–∫–∏–π —è–∑—ã–∫ –∑–∞ 16 —á–∞—Å–æ–≤!	52610286
–°—Ç–∏–ª–∏—Å—Ç –ü—É—à–∫–∏–Ω –°–ª–∞–≤—è–Ω–∫–∞  –ö–æ–ª–ø–∏–Ω–æ	34458586
–ö–Ω–∏–≥–∏ –Ω–∞ —Ñ—Ä–∞–Ω—Ü—É–∑—Å–∫–æ–º –∏ –∞–Ω–≥–ª–∏–π—Å–∫–æ–ºLivres d'enfant	130175533
–§–†–ê–ù–¶–£–ó–°–ö–ò–ô –Ø–ó–´–ö. –í–ó–ê–ò–ú–ù–ê–Ø –ü–û–ú–û–©–¨ –í –ò–ó–£–ß–ï–ù–ò–ò	180574783
–§—Ä–∞–Ω—Ü—É–∑—Å–∫–∞—è –ª—ã–∂–Ω–∞—è —à–∫–æ–ª–∞ ESF	33149636
–§—Ä–∞–Ω—Ü—É–∑—Å–∫–∞—è –∫—É—Ö–Ω—è \ –°uisine fran√ßaise	114157039
Pourquoi pas? –§—Ä–∞–Ω—Ü—É–∑—Å–∫–∏–π —Ä–∞–∑–≥–æ–≤–æ—Ä–Ω—ã–π –∫–ª—É–±	103545499
–§–†–ê–ù–¶–£–ó–°–ö–û–ï –ö–ò–ù–û!!	16739346
–§–†–ê–ù–¶–£–ó–°–ö–ò–ô –ü–û–¶–ï–õ–£–ô - –≠–¢–û –û–ß–ï–ù–¨ –ß–£–í–°–¢–í–ï–ù–ù–û!!!!	307024
–°–∞–ª–æ–Ω –∫—Ä–∞—Å–æ—Ç—ã "–§—Ä–∞–Ω—Ü—É–∑—Å–∫–∏–π –¥–≤–æ—Ä–∏–∫" | –õ—ã—Å—å–≤–∞	146761740
–ü–∞–± ¬´Beer–õ–æ–≥–∞¬ª	32800174
–§—Ä–∞–Ω—Ü—É–∑—Å–∫–∏–π –æ—Ç –ê –¥–æ Z	198036884
–°—Ç—É–¥–∏—è –∫—Ä–∞—Å–æ—Ç—ã ‚óè –§—Ä–∞–Ω—Ü—É–∑—Å–∫–∞—è –ú–∏–ª—è ‚óè –ö—É–¥—Ä–æ–≤–æ	115156725
–§—Ä–∞–Ω—Ü—É–∑—Å–∫–∞—è –∫–æ–Ω–¥–∏—Ç–µ—Ä—Å–∫–∞—è Bon Eclair	151985372
–§—Ä–∞–Ω—Ü—É–∑—Å–∫–∏–π –∫–ª—É–± –ù–ò–£ –í–®–≠	101097170
–ö–ª—É–± –ª—é–±–∏—Ç–µ–ª–µ–π —Ñ—Ä–∞–Ω—Ü—É–∑—Å–∫–æ–≥–æ —è–∑—ã–∫–∞ "√Ä propos"	118365023
–§–†–ê–ù–¶–£–ó–°–ö–ò–ï –ë–£–õ–¨–î–û–ì–ò PERFECT SOLUTION	50636674
–§—Ä–∞–Ω—Ü—É–∑—Å–∫–∏–µ –ø–µ—Å–Ω–∏ –∏ —Ö–∏—Ç—ã.	47630225
–§—Ä–∞–Ω—Ü—É–∑—Å–∫–∏–π —Å–∫—É–ª—å–ø—Ç—É—Ä–Ω–æ –±—É–∫–∫–∞–ª—å–Ω—ã–π –º–∞—Å—Å–∞–∂ –ª–∏—Ü–∞	134501750
–§—Ä–∞–Ω—Ü—É–∑—Å–∫–∏–µ –∞–∫—Ç–µ—Ä—ã –∏ —Ñ–∏–ª—å–º—ã	31229531
–°–í–ê–î–¨–ë–ê –í –î–û–ú–ò–ù–ò–ö–ê–ù–ï.–§–û–¢–û–ì–†–ê–§ –í –î–û–ú–ò–ù–ò–ö–ê–ù–ï	40070579
–§—Ä–∞–Ω—Ü—É–∑—Å–∫–∞—è –ü–æ–ª–∏–Ω–µ–∑–∏—è –¢–∞–∏—Ç–∏, –ë–æ—Ä–∞ –ë–æ—Ä–∞, –ú—É—Ä–µ–∞, –§	29583168
–§—Ä–∞–Ω—Ü—É–∑—Å–∫–æ–µ –∫–∞—Ñ–µ BOUQUET garni	167873992
French Porn /–§—Ä–∞–Ω—Ü—É–∑—Å–∫–æ–µ –ø–æ—Ä–Ω–æ/	105168321
–§—Ä–∞–Ω—Ü—É–∑—Å–∫–∏–π –∫–ª—É–± –§–ú–ü –ú–ì–£ | Le Club fran√ßais MGU	72351521
–ê–Ω–≥–ª–∏–π—Å–∫–∏–π –∏ —Ñ—Ä–∞–Ω—Ü—É–∑—Å–∫–∏–π –¥–ª—è –¥–µ—Ç–µ–π	77430024
–û—Ç–µ–ª—å ¬´–§—Ä–∞–Ω—Ü—É–∑—Å–∫–∏–π –∫–≤–∞—Ä—Ç–∞–ª¬ª –≤ –í–∏—Ç—è–∑–µ–≤–æ	119027292
–ì–î–ó –ø–æ —Ñ—Ä–∞–Ω—Ü—É–∑—Å–∫–æ–º—É	136030257
Le fran√ßais facile: —Ñ—Ä–∞–Ω—Ü—É–∑—Å–∫–∏–π –≤ –°–∏–º—Ñ–µ—Ä–æ–ø–æ–ª–µ	76148614
WORLDWIDE EDUCATION GROUP –≤—ã—Å—à–µ–µ –æ–±—Ä–∞–∑–æ–≤–∞–Ω–∏–µ –∑–∞ —Ä—É–±–µ–∂–æ–º –≤ –°–®–ê –æ–±—Ä–∞–∑–æ–≤–∞–Ω–∏–µ –≤ –í–µ–ª–∏–∫–æ–±—Ä–∏—Ç–∞–Ω–∏–∏	16676388
–ì–†–£–ü–ü–ê –î–õ–Ø –¢–ï–•, –ö–¢–û –•–û–ß–ï–¢ –ó–ù–ê–¢–¨ –ê–ù–ì–õ–ò–ô–°–ö–ò–ô, –ù–ï–ú–ï–¶–ö–ò–ô, –§–†–ê–ù–¶–£–ó–°–ö–ò–ô, –ò–°–ü–ê–ù–°–ö–ò–ô, –ò–¢–ê–õ–¨–Ø–ù–°–ö–ò–ô, –ö–ò–¢–ê–ô–°–ö–ò–ô –Ø–ó–´–ö–ò, –ù–û –ó–ù–ê–ï–¢ –ü–û–ö–ê –¢–û–õ–¨–ö–û –†–£–°–°–ö–ò–ô –ò –¢–û –ù–ï –í–°–ï–ì–î–ê –ú–û–ñ–ï–¢ –í–´–†–ê–ó–ò–¢–¨ –°–í–û–ò –ú–´–°–õ–ò	781688
–§—Ä–∞–Ω—Ü—É–∑—Å–∫–∏–µ –ë—É–ª—å–¥–æ–≥–∏ –≤ –ß–µ–ª—è–±–∏–Ω—Å–∫–µ –∏ –†–æ—Å—Å–∏–∏!.	97067790
–ü–ê–†–ò–ñ, –Ø –õ–Æ–ë–õ–Æ –¢–ï–ë–Ø... - –§—Ä–∞–Ω—Ü–∏—è, —Ñ—Ä–∞–Ω—Ü—É–∑—Å–∫–∏–π —è–∑—ã–∫, —Ñ—Ä–∞–Ω—Ü—É–∑—Å–∫–∞—è –º—É–∑—ã–∫–∞, —Ñ–∏–ª—å–º—ã –Ω–∞ —Ñ—Ä–∞–Ω—Ü—É–∑—Å–∫–æ–º, —Ä–æ–º–∞–Ω—Ç–∏–∫–∞, –ª—é–±–æ–≤—å	23558668
–§—Ä–∞–Ω—Ü—É–∑—Å–∫–∏–π –∞–≤—Ç–æ—Å–µ—Ä–≤–∏—Å: –†–µ–º–æ–Ω—Ç –ü–µ–∂–æ –†–µ–Ω–æ –°–∏—Ç—Ä–æ–µ–Ω	77899853
–§—Ä–∞–Ω—Ü—É–∑—Å–∫–∞—è –†–µ—Å–ø—É–±–ª–∏–∫–∞	187760992
–ö–∏–Ω–æ ‚Äî —Ñ—Ä–∞–Ω—Ü—É–∑—Å–∫–∏–µ –∫–æ–º–µ–¥–∏–∏	75849045
–ê–ª—å—è–Ω—Å –§—Ä–∞–Ω—Å–µ–∑ –ö–∞–∑–∞–Ω—å | –§—Ä–∞–Ω—Ü—É–∑—Å–∫–∏–π —è–∑—ã–∫	1808715
Vieux films fran√ßais - –°—Ç–∞—Ä—ã–µ —Ñ—Ä–∞–Ω—Ü—É–∑—Å–∫–∏–µ —Ñ–∏–ª—å–º—ã	168308369
AptekKosmetik	78001582
Armelle –ß–µ—Ä–µ–ø–æ–≤–µ—Ü/–§—Ä–∞–Ω—Ü—É–∑—Å–∫–∏–µ –¥—É—Ö–∏ –ø—Ä–µ–º–∏—É–º –∫–ª–∞—Å—Å	144447043
–ö–£–î–†–û–í–û SCHOOL:–∞–Ω–≥–ª–∏–π—Å–∫–∏–π, —Ñ—Ä–∞–Ω—Ü—É–∑—Å–∫–∏–π, –Ω–µ–º–µ—Ü–∫–∏–π	117578958
–¢–∞–π–Ω–æ–µ —Å–æ–æ–±—â–µ—Å—Ç–≤–æ –ª—é–±–∏—Ç–µ–ª–µ–π —Ñ—Ä–∞–Ω—Ü—É–∑—Å–∫–æ–≥–æ —è–∑—ã–∫–∞.	193655142
–§—Ä–∞–Ω—Ü—É–∑—Å–∫–æ–µ –æ–±—â–µ—Å—Ç–≤–æ|–ì–∏–º–Ω–∞–∑–∏—è ‚Ññ8	155154278
–§—Ä–∞–Ω—Ü—É–∑—Å–∫–∏–π —è–∑—ã–∫ –ª–µ–≥–∫–æ!	128284375
–ü–µ—Ä–µ–≤–æ–¥—á–∏–∫ –∞–Ω–≥–ª–∏–π—Å–∫–∏–π, –Ω–µ–º–µ—Ü–∫–∏–π, —Ñ—Ä–∞–Ω—Ü—É–∑—Å–∫–∏–π	126224942
–ì–æ—Ç–æ–≤—ã–µ –î–æ–º–∞—à–Ω–∏–µ –ó–∞–¥–∞–Ω–∏—è, –ì–î–ó, –†–µ—à–µ–±–Ω–∏–∫–∏, –°–æ—á–∏–Ω–µ–Ω–∏—è, –î–æ–∫–ª–∞–¥—ã, –®–ø–∞—Ä–≥–∞–ª–∫–∏, —Ä—É—Å—Å–∫–∏–π, –ª–∏—Ç–µ—Ä–∞—Ç—É—Ä–∞, –∞–ª–≥–µ–±—Ä–∞, –≥–µ–æ–º–µ—Ç—Ä–∏—è, —Ñ–∏–∑–∏–∫–∞, –æ–±—â–µ—Å—Ç–≤–æ–∑–Ω–∞–Ω–∏–µ, –∏—Å—Ç–æ—Ä–∏—è, –º—Ö–∫, —Ä–∏–∫–æ, –≥–µ–æ–≥—Ä–∞—Ñ–∏—è, –±–∏–æ–ª–æ–≥–∏—è, –∞–Ω–≥–ª–∏–π—Å–∫–∏–π, –Ω–µ–º–µ—Ü–∫–∏–π, —Ç—Ä—É–¥, —Ö–∏–º–∏—è, —Ñ—Ä–∞–Ω—Ü—É–∑—Å–∫–∏–π, english, deutsch	21605672
–ê—Ä–º–µ–ª—å –ù–æ–≤–æ—Å–∏–±–∏—Ä—Å–∫	135824547
–§–∞–∫—É–ª—å—Ç–µ—Ç —Ñ—Ä–∞–Ω—Ü—É–∑—Å–∫–æ–≥–æ —è–∑—ã–∫–∞ –§–ì–ë–û–£ –í–û –ú–ì–õ–£ (–§–§–Ø)	128297174
–î–µ–≤–æ—á–∫–∏–Ω—ã —Ä–∞–¥–æ—Å—Ç–∏	13004369
–§—Ä–∞–Ω—Ü—É–∑—Å–∫–∏–µ –ú—é–∑–∏–∫–ª—ã/ Com√©diesMusicalesFran√ßaises	61907178
–§—Ä–∞–Ω—Ü—É–∑—Å–∫–∏–π –ú–∞–Ω–∏–∫—é—Ä	42116625
–§—Ä–∞–Ω—Ü—É–∑—Å–∫–∞—è —Ä–∞–≤–Ω–æ–º–µ—Ä–∫–∞ | –í—ã—à–∏–≤–∞–ª—å–Ω—ã–π —Ä–∞–π	118634314
–§—Ä–∞–Ω—Ü—É–∑—Å–∫–∏–π –ë—É–ª—å–¥–æ–≥ –∏ –ú–æ–ø—Å  –≤ –ß–µ—Ä–µ–ø–æ–≤—Ü–µ	17982613
–ö–æ–Ω–¥–∏—Ç–µ—Ä—Å–∫–∞—è | Jammy	122901251
–§—Ä–∞–Ω—Ü—É–∑—Å–∫–∏–π –ë—É–ª—å–¥–æ–≥	35697304
–§—Ä–∞–Ω—Ü—É–∑—Å–∫–∏–µ –∫–≤–∞—Ä—Ç–∞–ª—ã –†–∏–≤—å–µ—Ä–∞ –ü–∞—Ä–∫, –ò–∂–µ–≤—Å–∫	120822984
–§—Ä–∞–Ω—Ü—É–∑—Å–∫–∏–π —è–∑—ã–∫	150859640
Jessie Volt	50183089
–§—Ä–∞–Ω—Ü—É–∑—Å–∫–∏–π —à–∞–Ω—Å–æ–Ω	57915433
–§—Ä–∞–Ω—Ü—É–∑—Å–∫–∏–π –∏–Ω–æ—Å—Ç—Ä–∞–Ω–Ω—ã–π –ª–µ–≥–∏–æ–Ω –ø—Å—ã –≤–æ–π–Ω—ã	56296605
‚ô• Armelle ‚ô• –§—Ä–∞–Ω—Ü—É–∑—Å–∫–∏–µ –¥—É—Ö–∏ –∫–ª–∞—Å—Å–∞ LUX	120113344
FDC –§—Ä–∞–Ω—Ü—É–∑—Å–∫–∞—è —Å—Ç–æ–º–∞—Ç–æ–ª–æ–≥–∏—è –≤ –ú–æ—Å–∫–≤–µ	41989286
–§—Ä–∞–Ω—Ü—É–∑—Å–∫–∏–π –±—É–ª—å–¥–æ–≥***	46002423
–ò—Å—Å–ª–µ–¥–æ–≤–∞—Ç–µ–ª—å—Å–∫–∏–π —Ü–µ–Ω—Ç—Ä –§—Ä–∞–Ω—Ü—É–∑—Å–∫–æ–≥–æ –∫–ª—É–±–∞ –ú–ì–ò–ú–û	174287131
–ê–ª—å—è–Ω—Å –§—Ä–∞–Ω—Å–µ–∑-–ù–æ–≤–æ—Å–∏–±–∏—Ä—Å–∫ | –§—Ä–∞–Ω—Ü—É–∑—Å–∫–∏–π —è–∑—ã–∫	11457309
–ê–Ω–≥–ª–∏–π—Å–∫–∏–π, —Ñ—Ä–∞–Ω—Ü—É–∑—Å–∫–∏–π, –Ω–µ–º–µ—Ü–∫–∏–π –ø–æ —Å–∫–∞–π–ø—É	9526024
–û–∫–Ω–∞ –°–ü–±	162914363
–§—Ä–∞–Ω—Ü—É–∑—Å–∫–∞—è –∫–æ—Ñ–µ–π–Ω—è	79988566
–ö–ª—É–± –ª—é–±–∏—Ç–µ–ª–µ–π —Å–æ–±–∞–∫ –ø–æ—Ä–æ–¥—ã –ë—Ä–∏–∞—Ä. –§—Ä–∞–Ω—Ü—É–∑—Å–∫–∞—è –æ–≤—á–∞—Ä–∫–∞.	225983
–ë–æ—Ä–¥–æ—Å–∫–∏–π –¥–æ–≥(—Ñ—Ä–∞–Ω—Ü—É–∑—Å–∫–∏–π –º–∞—Å—Ç–∏—Ñ)	150788975
–§—Ä–∞–Ω—Ü—É–∑—Å–∫–∏–π —Ä–µ–ø	3180179
–§—Ä–∞–Ω—Ü—É–∑—Å–∫–∏–µ –ë—É–ª—å–¥–æ–≥–∏!!!!	14704083
–°—Ç–∞—Ä—Ç–∞–Ω–∏ –ø–æ-—Ñ—Ä–∞–Ω—Ü—É–∑—Å–∫–∏!	193377610
–°—Ç–∏–ø–µ–Ω–¥–∏–∞—Ç—ã –§—Ä–∞–Ω—Ü—É–∑—Å–∫–æ–≥–æ –ø—Ä–∞–≤–∏—Ç–µ–ª—å—Å—Ç–≤–∞	121975452
–§—Ä–∞–Ω—Ü—É–∑—Å–∫–∏–µ —Ç–æ—Ä—Ç—ã –Ω–∞ –∑–∞–∫–∞–∑ KRISS&COOK	89820377
fLexique - —à–∫–æ–ª–∞ —Ñ—Ä–∞–Ω—Ü—É–∑—Å–∫–æ–≥–æ —è–∑—ã–∫–∞ —Å –Ω–æ—Å–∏—Ç–µ–ª—è–º–∏	154516719
Bridgette B | VK Group	60379869
–†–ê–ó–ì–û–í–û–†–ù–´–ô –§–†–ê–ù–¶–£–ó–°–ö–ò–ô –Ø–ó–´–ö –í –ú–û–ù –ú–ê–ö–ê–†–û–ù	55570181
–ê–ú–ï–†–ò–ö–ê–ù–°–ö–ò–ô –ë–£–õ–¨–î–û–ì|—Ñ—Ä–∞–Ω—Ü—É–∑—Å–∫–∏–π –±—É–ª—å–¥–æ–≥–∏	18293234
–§—Ä–∞–Ω—Ü—É–∑—Å–∫–∏–π —è–∑—ã–∫ Bonartecole	171983174
–©–µ–Ω–∫–∏ —Ñ—Ä–∞–Ω—Ü—É–∑—Å–∫–æ–≥–æ –±—É–ª—å–¥–æ–≥–∞	57552693
AromaVis - —Ñ—Ä–∞–Ω—Ü—É–∑—Å–∫–∏–µ –¥—É—Ö–∏ –∏–∑ –§—Ä–∞–Ω—Ü–∏–∏!!!	69617419
FrMusic | –§—Ä–∞–Ω—Ü—É–∑—Å–∫–∞—è –ú—É–∑—ã–∫–∞ –∏ –ú—é–∑–∏–∫–ª—ã	23729576
–ü—Ä–æ–¥–∞–∂–∞ –∏ –ø–æ–∫—É–ø–∫–∞ —â–µ–Ω–∫–æ–≤ —Ñ—Ä–∞–Ω—Ü—É–∑—Å–∫–æ–≥–æ –±—É–ª—å–¥–æ–≥–∞	68664778
–¢–æ—Ä—Ç—ã –ß–µ–ª—è–±–∏–Ω—Å–∫. –§—Ä–∞–Ω—Ü—É–∑—Å–∫–∞—è –ø–µ–∫–∞—Ä–Ω—è La Petite	78565747
–ë—é—Ä–æ –ø–µ—Ä–µ–≤–æ–¥–æ–≤ –°–ü–±	165225340
–§—Ä–∞–Ω—Ü—É–∑—Å–∫–∏–µ –±—É–ª—å–¥–æ–≥–∏ –≤ –ï–∫–∞—Ç–µ—Ä–∏–Ω–±—É—Ä–≥–µ	58524448
–§—Ä–∞–Ω—Ü—É–∑—Å–∫–∏–π –±—É–ª—å–¥–æ–≥/–ë–æ—Å—Ç–æ–Ω —Ç–µ—Ä—å–µ—Ä	159961992
–û—Ä–∏–≥–∏–Ω–∞–ª—å–Ω–∞—è —Ñ—Ä–∞–Ω—Ü—É–∑—Å–∫–∞—è –ø–∞—Ä—Ñ—é–º–µ—Ä–∏—è	31756772
–§–æ–Ω–¥ –ø–æ–º–æ—â–∏ —Ñ—Ä–∞–Ω—Ü—É–∑—Å–∫–∏–º –±—É–ª—å–¥–æ–≥–∞–º –ü–∏—Ç–µ—Ä	30166442
–§—Ä–∞–Ω—Ü—É–∑—Å–∫–∞—è –≤—ã—à–∏–≤–∫–∞ - –Ω–∞–±–æ—Ä—ã –¥–ª—è –≤—ã—à–∏–≤–∫–∏	70681753
–§—Ä–∞–Ω—Ü—É–∑—Å–∫–∏–π —è–∑—ã–∫ –¥–ª—è –¥–µ—Ç–µ–π —Å –º–∞–º–æ–π. FrancoMaman	76350438
–§—Ä–∞–Ω—Ü—É–∑—Å–∫–∏–π –≤ –ü–∏–¢–û–ì–£, –•–∞–±–∞—Ä–æ–≤—Å–∫	7867016
—Ç–µ–∞—Ç—Ä–∞–ª—å–Ω–æ-–ª–∏–Ω–≥–≤–∏—Å—Ç–∏—á–µ—Å–∫–∏–π —Ü–µ–Ω—Ç—Ä ¬´–ê—Ä—Ç—Å–ª–∏–Ω–≥¬ª –ö–∞–∫ —É—á–∏—Ç—å –∏–Ω–æ—Å—Ç—Ä–∞–Ω–Ω—ã–µ —è–∑—ã–∫–∏ –∏–≥—Ä–∞—è?)) ( –∫—É—Ä—Å—ã:–ê–Ω–≥–ª–∏–π—Å–∫–∏–π, –ò—Å–ø–∞–Ω—Å–∫–∏–π, –ù–µ–º–µ—Ü–∫–∏–π, –§—Ä–∞–Ω—Ü—É–∑—Å–∫–∏–π, –∞–∫—Ç—ë—Ä—Å–∫–æ–µ –º–∞—Å—Ç–µ—Ä—Å—Ç–≤–æ)	32007746
Livemocha	28183033
–§—Ä–∞–Ω—Ü—É–∑—Å–∫–∏–π —è–∑—ã–∫ –¥–ª—è –≤—Å–µ—Ö	21421836
–ò–∑—É—á–∞—é —Ñ—Ä–∞–Ω—Ü—É–∑—Å–∫–∏–π —è–∑—ã–∫	152917350
–§–æ–Ω–¥ –ø–æ–º–æ—â–∏ —Ñ—Ä–∞–Ω—Ü—É–∑—Å–∫–∏–º –±—É–ª—å–¥–æ–≥–∞–º	501602
–§—Ä–∞–Ω—Ü—É–∑—Å–∫–∏–µ –±—É–ª—å–¥–æ–≥–∏ –ö—É—Ä—Å–∫	15876523
–ù–û–í–ò–ù–ö–ò –ö–ò–ù–û –Ω–∞ —Ñ—Ä–∞–Ω—Ü—É–∑—Å–∫–æ–º, –∏—Å–ø–∞–Ω—Å–∫–æ–º, –Ω–µ–º–µ—Ü–∫–æ–º	143809463
–ê—Ñ—Ä–æ–∫–æ—Å–∏—á–∫–∏ –≤ –ú–æ—Å–∫–≤–µ‚óè –ê—Ñ—Ä–æ–∫–æ—Å—ã ‚óè –§—Ä–∞–Ω—Ü—É–∑—Å–∫–∏–µ –∫–æ—Å	9218158
Mon Etoile‚ùó‚ùó‚ùó –≠–ª–∏—Ç–Ω–∞—è –§—Ä–∞–Ω—Ü—É–∑—Å–∫–∞—è ! –õ–ò–¶–ï–ù–ó–ò–û–ù–ù–ê–Ø	23763610
Armelle. –§—Ä–∞–Ω—Ü—É–∑—Å–∫–∏–π –ø–∞—Ä—Ñ—é–º.	92692938
–§—Ä–∞–Ω—Ü—É–∑—Å–∫–æ–µ –∑–µ–º–ª—è—á–µ—Å—Ç–≤–æ - –ú–ì–ò–ú–û (–£) –ú–ò–î –†–æ—Å—Å–∏–∏	30007824
Evian –≤ –†–æ—Å—Å–∏–∏	20262958
–§—Ä–∞–Ω—Ü—É–∑—Å–∫–∏–π —è–∑—ã–∫ –¥–ª—è –¥–µ—Ç–µ–π	54042781
–ò—Å–ø–∞–Ω—Å–∫–∏–π, –∏—Ç–∞–ª—å—è–Ω—Å–∫–∏–π, —Ñ—Ä–∞–Ω—Ü—É–∑—Å–∫–∏–π, –≤–æ—Å—Ç–æ—á–Ω–æ–µ–≤—Ä–æ–ø–µ–π—Å–∫–∏–π –∏ —Ç.–ø. –ø–∞–Ω–∫, —Å–∫–∞-–ø–∞–Ω–∫, —Ä–æ–∫	13917734
–§—Ä–∞–Ω—Ü—É–∑—Å–∫–∏–π —è–∑—ã–∫. –£—á–∏–º —Å–∞–º–æ—Å—Ç–æ—è—Ç–µ–ª—å–Ω–æ	12263521
–§—Ä–∞–Ω—Ü–∏—è. –§—Ä–∞–Ω—Ü—É–∑—Å–∫–∏–π —è–∑—ã–∫. –§–∏–ª—å–º—ã –Ω–∞ —Ñ—Ä–∞–Ω—Ü—É–∑—Å–∫–æ–º	38007285
–ë–æ—Ä–¥–æ—Å—Å–∫–∏–π –¥–æ–≥ ( –§—Ä–∞–Ω—Ü—É–∑—Å–∫–∏–π –º–∞—Å—Ç–∏—Ñ )	12255473
–§—Ä–∞–Ω—Ü—É–∑—Å–∫–∏–π —è–∑—ã–∫	133416974
La musique fran√ßaise| –§—Ä–∞–Ω—Ü—É–∑—Å–∫–∞—è –º—É–∑—ã–∫–∞	5722
–Ø–∑—ã–∫–æ–≤–∞—è —à–∫–æ–ª–∞ iLingua. –•–∞—Ä—å–∫–æ–≤. –ê–Ω–≥–ª–∏–π—Å–∫–∏–π, –ù–µ–º	12692810
–§—Ä–∞–Ω—Ü—É–∑—Å–∫–∏–π —Å—Ç–∏–ª—å‚ôõ	143767626
–§—Ä–∞–Ω—Ü—É–∑—Å–∫–∏–π —è–∑—ã–∫ (Nous etudions le francais)	7877057
–ê–ª—å—è–Ω—Å–§—Ä–∞–Ω—Å–µ–∑–¢–æ–ª—å—è—Ç—Ç–∏ - —à–∫–æ–ª–∞ —Ñ—Ä–∞–Ω—Ü—É–∑—Å–∫–æ–≥–æ —è–∑—ã–∫–∞	9120743
–§—Ä–∞–Ω—Ü—É–∑—Å–∫–∞—è –ø–∞—Ä—Ñ—é–º–µ—Ä–∏—è UA	90621708
Club Fran√ßais - –û–Ω–ª–∞–π–Ω-–®–∫–æ–ª–∞ —Ñ—Ä–∞–Ω—Ü—É–∑—Å–∫–æ–≥–æ —è–∑—ã–∫–∞	128367426
–§—Ä–∞–Ω—Ü—É–∑—Å–∫–∏–π —è–∑—ã–∫ –¥–ª—è —Ä–∞–±–æ—Ç—ã, —É—á–µ–±—ã, DELF-DALF	14646454
–£—á–µ–±–Ω–∏–∫–∏, –∫–Ω–∏–≥–∏ –¥–ª—è –∏–∑—É—á–µ–Ω–∏—è —Ñ—Ä–∞–Ω—Ü—É–∑—Å–∫–æ–≥–æ —è–∑—ã–∫–∞	119887263
–ê–Ω–≥–ª–∏–π—Å–∫–∏–π, –Ω–µ–º–µ—Ü–∫–∏–π, —Ñ—Ä–∞–Ω—Ü—É–∑—Å–∫–∏–π, –∏—Ç–∞–ª—å—è–Ω—Å–∫–∏–π, –∏—Å–ø–∞–Ω—Å–∫–∏–π —è–∑—ã–∫–∏; –ø–æ–¥–≥–æ—Ç–æ–≤–∫–∞ –∫ –ï–ì–≠, IELTS, TOEFL	312312
–ü–∞—Ä—Ñ—é–º–µ—Ä–∏—è	44738089
–§—Ä–∞–Ω—Ü—É–∑—Å–∫–∏–π –ò–Ω—Å—Ç–∏—Ç—É—Ç –≤ –†–æ—Å—Å–∏–∏ - –ú–æ—Å–∫–≤–∞	82779941
–ö–ª—É–± –ª—é–±–∏—Ç–µ–ª–µ–π —Ñ—Ä–∞–Ω—Ü—É–∑—Å–∫–∏—Ö –±—É–ª—å–¥–æ–≥–æ–≤ "–ë—É–ª—å–∫–∞"	16519415
–§—Ä–∞–Ω—Ü—É–∑—Å–∫–∏–π —è–∑—ã–∫ –¥–ª—è  –¥–µ—Ç–µ–π –∏ –≤–∑—Ä–æ—Å–ª—ã—Ö	95052015
–§—Ä–∞–Ω–∫–æ—Ñ–æ–Ω–Ω—ã–µ —Ñ–∏–ª—å–º—ã —Å —Ñ—Ä–∞–Ω—Ü—É–∑—Å–∫–∏–º–∏ —Å—É–±—Ç–∏—Ç—Ä–∞–º–∏	141477818
–§–†–ê–ù–¶–£–ó–°–ö–ò–ô –ë–£–õ–¨–î–û–ì	2138627
–ü–µ—Ä–µ–≤–æ–¥—á–∏–∫ –∞–Ω–≥–ª–∏–π—Å–∫–∏–π/—Ñ—Ä–∞–Ω—Ü—É–∑—Å–∫–∏–π —è–∑.	51809806
–ø–µ—Å–Ω–∏ –Ω–∞ —Ñ—Ä–∞–Ω—Ü—É–∑—Å–∫–æ–º | –º—É–∑—ã–∫–∞	50546905
Nature Bijoux (–£–∫—Ä–∞—à–µ–Ω–∏—è —Ä—É—á–Ω–æ–π —Ä–∞–±–æ—Ç—ã. )	20165241
–ü–ª–µ—Ç–µ–Ω–∏–µ —Ñ—Ä–∞–Ω—Ü—É–∑—Å–∫–∏—Ö –∫–æ—Å–∏—á–µ–∫ –≤ —Å–∞–ª–æ–Ω–µ –∫—Ä–∞—Å–æ—Ç—ã "–ê	29534228
–ê–Ω–≥–ª–∏–π—Å–∫–∏–π,—Ñ—Ä–∞–Ω—Ü—É–∑—Å–∫–∏–π,–∏—Å—Ç–æ—Ä–∏—è. –ü–æ–º–æ—â—å.	39822413
–Ø–∑—ã–∫–æ–≤—ã–µ –º–∞—Å—Ç–µ—Ä—Å–∫–∏–µ Language Heroes: —Ñ—Ä–∞–Ω—Ü—É–∑—Å–∫–∏–π	190833166
–§–∏–ª—å–º—ã –Ω–∞ —Ñ—Ä–∞–Ω—Ü—É–∑—Å–∫–æ–º —è–∑—ã–∫–µ	3831413
–í–∏—Ä—Ç—É–∞–ª—å–Ω—ã–π —É—á–∏—Ç–µ–ª—å —Ñ—Ä–∞–Ω—Ü—É–∑—Å–∫–æ–≥–æ	72225323
–§–†–ê–ù–¶–£–ó–°–ö–ò–ô –ë–£–õ–¨–î–û–ì –ê–î–û–ù–ò–° –ü–ï–¢–†–û–ó–ê–í–û–î–°–ö –ö–ê–†–ï–õ–ò–Ø	79657475
–ë—ã—Å—Ç—Ä—ã–π —Å—Ç–∞—Ä—Ç –≤–æ —Ñ—Ä–∞–Ω—Ü—É–∑—Å–∫–æ–º —è–∑—ã–∫–µ!	175329291
Inflexyon –∏–∑—É—á–µ–Ω–∏–µ —Ñ—Ä–∞–Ω—Ü—É–∑—Å–∫–æ–≥–æ –≤ –õ–∏–æ–Ω–µ	53803238
–ê–Ω–≥–ª–∏–π—Å–∫–∏–π, –Ω–µ–º–µ—Ü–∫–∏–π, —Ñ—Ä–∞–Ω—Ü—É–∑—Å–∫–∏–π —è–∑—ã–∫ –ø–æ —Å–∫–∞–π–ø—É	26185420
–°—É—Ä–≥–∞–Ω–æ–≤–∞ & –û—Ä–∫–µ—Å—Ç—Ä	9312
–§—Ä–∞–Ω—Ü—É–∑—Å–∫–∏–π —è–∑—ã–∫	95153173
–•–û–¢–ò–¢–ï –£–ß–ò–¢–¨ –ê–ù–ì–õ–ò–°–ö–ò–ô // –§–†–ê–ù–¶–£–ó–°–ö–ò–ô –Ø–ó–´–ö –í 2010–≥ ?? +7925-0830-151	14360891
–§—Ä–∞–Ω—Ü—É–∑—Å–∫–∏–π —è–∑—ã–∫	49812527
–§—Ä–∞–Ω—Ü—É–∑—Å–∫–∏–µ –∫–ª–∏–ø—ã	48255454
–ò–∑—É—á–µ–Ω–∏–µ —Ñ—Ä–∞–Ω—Ü—É–∑—Å–∫–æ–≥–æ —è–∑—ã–∫–∞ –±—ã—Å—Ç—Ä–æ –∏ —ç—Ñ—Ñ–µ–∫—Ç–∏–≤–Ω–æ	20260735
–§—Ä–∞–Ω—Ü—É–∑—Å–∫–∏–µ –±—É–ª—å–¥–æ–≥–∏	174083
Asphfrance: –æ–Ω–ª–∞–π–Ω-—à–∫–æ–ª–∞ —Ñ—Ä–∞–Ω—Ü—É–∑—Å–∫–æ–≥–æ —è–∑—ã–∫–∞	124908214
–ê—Ä–≥–µ–Ω—Ç–∏–Ω—Å–∫–∏–π –¥–æ–≥,—Ñ—Ä–∞–Ω—Ü—É–∑—Å–∫–∏–π –±—É–ª—å–¥–æ–≥ GOLDINALENA	1633201
–ú–î–¢–µ–∞—Ç—Ä	2231007
–§—Ä–∞–Ω—Ü—É–∑—Å–∫–∏–µ –±—É–ª—å–¥–æ–≥–∏ –ú–æ–µ–π –ú–µ—á—Ç—ã	28354529
–£–ß–ò–ú –§–†–ê–ù–¶–£–ó—Å–ö–ò–ô	43938559
Tanya Veselova  - hairdresser,makeup artist	250900
... –§—Ä–∞–Ω—Ü—É–∑—Å–∫–∏–µ –ö–æ–º–µ–¥–∏–∏  ...	10393936
–§–∏–ª—å–º—ã –Ω–∞ —Ñ—Ä–∞–Ω—Ü—É–∑—Å–∫–æ–º/films en francais	89545792
–§—Ä–∞–Ω—Ü—É–∑—Å–∫–∏–µ –±—É–ª—å–¥–æ–≥–∏ –≤ –†–µ—Å–ø—É–±–ª–∏–∫–µ –ë–µ–ª–∞—Ä—É—Å—å	13635644
–ú–ï–†–ò–î–ò–ê–ù –∞–Ω–≥–ª–∏–π—Å–∫–∏–π / –Ω–µ–º–µ—Ü–∫–∏–π / —Ñ—Ä–∞–Ω—Ü—É–∑—Å–∫–∏–π	159269752
***–ê—Ä–º—ç–ª—å –£—Ñ–∞***Armelle***	124945214
–§—Ä–∞–Ω—Ü—É–∑—Å–∫–∏–π –¥–≤–æ—Ä –ø. –ú–∏—Ö–∞–π–ª–æ–≤–∫–∞	29380816
–ó–∏–∑–∏, –¥—Ä–µ–¥—ã, —Ñ—Ä–∞–Ω—Ü—É–∑—Å–∫–∏–µ –∫–æ—Å–∏—á–∫–∏, dreads	654995
Facette | –§—Ä–∞–Ω—Ü—É–∑—Å–∫–∏–π —è–∑—ã–∫	58658323
–†–ï–ü–ï–¢–ò–¢–û–† –ê–ù–ì–õ–ò–ô–°–ö–ò–ô, –§–†–ê–ù–¶–£–ó–°–ö–ò–ô	29240156
–§–†–ê–ù–¶–£–ó–°–ö–ò–ô –Ø–ó–´–ö | ELENA TRUUTS	163098730
–§–†–ê–ù–¶–£–ó–°–ö–ò–ô –° –õ–Æ–ë–û–í–¨–Æ	186318571
–§—Ä–∞–Ω—Ü—É–∑—Å–∫–∏–π —Ä—ç–ø/—Ö–∏–ø-—Ö–æ–ø/RnB	49134798
–§—Ä–∞–Ω—Ü—É–∑—Å–∫–∏–π –±—É–ª—å–¥–æ–≥ –≤ –ö–∞–∑–∞—Ö—Å—Ç–∞–Ω–µ	71397248
–§—Ä–∞–Ω—Ü—É–∑—Å–∫–∏–µ –¥—É—Ö–∏ Armelle	115922660
–°–í–ê–î–ï–ë–ù–´–ï –ü–õ–ê–¢–¨–Ø –í –ú–û–°–ö–í–ï	35092324
–§—Ä–∞–Ω—Ü—É–∑—Å–∫–∏–π –°–µ–∫—Å	112579798
–§—Ä–∞–Ω—Ü—É–∑—Å–∫–∏–π —è–∑—ã–∫ (Fran√ßais)	41959631
–§–†–ê–ù–¶–£–ó–°–ö–û–ï –ö–ò–ù–û	20855740
–¢–†–¶ "–§—Ä–∞–Ω—Ü—É–∑—Å–∫–∏–π –±—É–ª—å–≤–∞—Ä"	50209783
–§—Ä–∞–Ω—Ü—É–∑—Å–∫–∏–µ –±—É–ª—å–¥–æ–≥–∏.	52697387
Lumi√®re project - –∏–Ω—Ç–µ—Ä–≤—å—é ‚ô´ –§—Ä–∞–Ω—Ü—É–∑—Å–∫–∞—è –º—É–∑—ã–∫–∞	165249722
–§—Ä–∞–Ω—Ü—É–∑—Å–∫–∏–π –ª–µ–≥–∏–æ–Ω	13402012
–ö–æ—Ä–µ–π—Å–∫–∞—è —Ç–∞–π—Å–∫–∞—è —Ñ—Ä–∞–Ω—Ü—É–∑—Å–∫–∞—è –∫–æ—Å–º–µ—Ç–∏–∫–∞ eco-thai	32230851
‚ñê‚ñê‚ñê –†–ï–ê–õ–ò–¢–ò-–®–û–£‚ñê‚ñê‚ñê –≠–∫—Å –Ω–∞ –ø–ª—è–∂–µ 4 —Å–µ–∑–æ–Ω‚ñê‚ñê‚ñê	16761147
***–û–¢ –ù–ï–ù–ê–í–ò–°–¢–ò –ö –õ–Æ–ë–í–ò!***  –õ—é–±–∏—Ç–µ–ª–∏ –º—é–∑–∏–∫–ª–∞ "–†–æ–º–µ–æ –∏ –î–∂—É–ª—å–µ—Ç—Ç–∞"(–†—É—Å—Å–∫–∞—è –∏ —Ñ—Ä–∞–Ω—Ü—É–∑—Å–∫–∞—è  –≤–µ—Ä—Å–∏—è)	14159299
–©–µ–Ω–∫–∏ —Ñ—Ä–∞–Ω—Ü—É–∑—Å–∫–æ–≥–æ –±—É–ª—å–¥–æ–≥–∞	33517013
Pro Fran√ßais ‚Äî –æ–Ω–ª–∞–π–Ω-—à–∫–æ–ª–∞ —Ñ—Ä–∞–Ω—Ü—É–∑—Å–∫–æ–≥–æ —è–∑—ã–∫–∞	76279204
Florange ‚Äì –∏—Å—Ç–æ—Ä–∏—è —Ñ—Ä–∞–Ω—Ü—É–∑—Å–∫–æ–≥–æ –æ—á–∞—Ä–æ–≤–∞–Ω–∏—è	38979636
Famille Heureuse (–ª—é–±–∏—Ç–µ–ª–∏ —Ñ—Ä–∞–Ω—Ü—É–∑—Å–∫–æ–≥–æ –Ω–µ–æ-—à–∞–Ω—Å–æ–Ω–∞)	265258
–§—Ä–∞–Ω—Ü—É–∑—Å–∫–∏–π —è–∑—ã–∫ –¥–ª—è –¥–µ—Ç–µ–π –∏ –∏—Ö —Ä–æ–¥–∏—Ç–µ–ª–µ–π.	31490152
–õ—é–±–∏—Ç–µ–ª–∏ —Ñ—Ä–∞–Ω—Ü—É–∑—Å–∫–∏—Ö –±—É–ª—å–¥–æ–≥–æ–≤ –≥. –ö–∞–∑–∞–Ω—å	18351726
–ü–µ—Ä–µ–≤–æ–¥—á–∏–∫ —Ñ—Ä–∞–Ω—Ü—É–∑—Å–∫–æ–≥–æ, –∞–Ω–≥–ª–∏–π—Å–∫–æ–≥–æ —è–∑—ã–∫–∞	123230641
NOVIKOVA MUA	12354130
–£—Ä–æ–∫–∏ —Ñ—Ä–∞–Ω—Ü—É–∑—Å–∫–æ–≥–æ —è–∑—ã–∫–∞ - –§—Ä–∞–Ω—Ü–∏—è, –ü–∞—Ä–∏–∂	10791384
–§—Ä–∞–Ω—Ü—É–∑—Å–∫–æ–µ –∫–æ–ª–ª–µ–∫—Ü–∏–æ–Ω–Ω–æ–µ –±–µ–ª—å–µ	17760523
–ê—É–¥–∏–æ –£—Ä–æ–∫–∏ –§—Ä–∞–Ω—Ü—É–∑—Å–∫–æ–≥–æ	28192280
–§—Ä–∞–Ω—Ü—É–∑—Å–∫–∏–π —è–∑—ã–∫ —Å –Ω–æ—Å–∏—Ç–µ–ª–µ–º! –ü—Ä–æ—Å—Ç–æ –∏ –¥–æ—Å—Ç—É–ø–Ω–æ.	58186810
–º—É–ª—å—Ç—Ñ–∏–ª—å–º—ã –Ω–∞ —Ñ—Ä–∞–Ω—Ü—É–∑—Å–∫–æ–º —è–∑—ã–∫–µ	5467651
BeauREVE | –§—Ä–∞–Ω—Ü—É–∑—Å–∫–∏–π —Å—ã—Ä –∏–∑ –ú–∞—Å–ª–æ–≤–∫–∏	155568379
–ê–Ω–≥–ª–∏–π—Å–∫–∏–π, –Ω–µ–º–µ—Ü–∫–∏–π,  —Ñ—Ä–∞–Ω—Ü—É–∑—Å–∫–∏–π, –∏—Å–ø–∞–Ω—Å–∫–∏–π	10606310
–†–∞–∑–±–æ—Ä–∫–∞ –§–†–ê–ù–¶–£–ó–°–ö–ò–• –ê–í–¢–û–ú–û–ë–ò–õ–ï–ô!!!	142272307
–ë–∏–∑–Ω–µ—Å —Å ARMELLE.–≠–ª–∏—Ç–Ω–∞—è —Ñ—Ä–∞–Ω—Ü—É–∑—Å–∫–∞—è –ø–∞—Ä—Ñ—é–º–µ—Ä–∏—è.	141297845
–†–µ—Å—Ç–æ—Ä–∞–Ω—ã Concord Catering	56445398
–§—Ä–∞–Ω—Ü—É–∑—Å–∫–∏–π —Å –ø—Ä–µ–ø–æ–¥–∞–≤–∞—Ç–µ–ª–µ–º –ë–∞—Ä–∞–±–∞–Ω–æ–≤–æ–π –ù. –í.	49189549
–§—Ä–∞–Ω—Ü—É–∑—Å–∫–∏–µ –¥—É—Ö–∏ ‚Ä¢ –ú–æ–Ω –≠—Ç—É–∞–ª—å‚îÇMon Etoile	109773889
–§–∞–∫—É–ª—å—Ç–µ—Ç —Ñ—Ä–∞–Ω—Ü—É–∑—Å–∫–æ–≥–æ —è–∑—ã–∫–∞ –ú–ì–õ–£	56433558
–§—Ä–∞–Ω—Ü—É–∑—Å–∫–∏–π —è–∑—ã–∫ –∫–∞–∫ —É–¥–æ–≤–æ–ª—å—Å—Ç–≤–∏–µ	60489143
–ú–æ–π –≤—ã–±–æ—Ä-–§—Ä–∞–Ω—Ü—É–∑—Å–∫–∏–π –ò–Ω–æ—Å—Ç—Ä–∞–Ω–Ω—ã–π –õ–µ–≥–∏–æ–Ω	4506259
‚òÖ‚òÖ‚òÖ ‚ñà –§—Ä–∞–Ω—Ü—É–∑—Å–∫–∞—è –º–æ–Ω–∞—Ä—Ö–∏—è. –§—Ä–∞–Ω—Ü–∏—è ‚ñà ‚òÖ‚òÖ‚òÖ	15757920
–§—Ä–∞–Ω—Ü—É–∑—Å–∫–∏–π —Ä—ç–ø	2980763
–≠—Å–∫–æ—Ä—Ç –∞–≥–µ–Ω—Ç—Å—Ç–≤–æ "Elite Models"	18888152
–°–æ–æ–±—â–µ—Å—Ç–≤–æ —Ñ—Ä–∞–Ω–∫–æ—Ñ–æ–Ω–æ–≤‚ùñ –∫—É—Ä—Å—ã —Ñ—Ä–∞–Ω—Ü—É–∑—Å–∫–æ–≥–æ —è–∑—ã–∫–∞	24266220
–ú–æ–ª–æ–¥–æ–µ —Ñ—Ä–∞–Ω—Ü—É–∑—Å–∫–æ–µ –∫–∏–Ω–æ	15712197
Films en Fran√ßais / –§–∏–ª—å–º—ã –Ω–∞ —Ñ—Ä–∞–Ω—Ü—É–∑—Å–∫–æ–º	18979632
–ê–Ω–≥–ª–∏–π—Å–∫–∏–π/–§—Ä–∞–Ω—Ü—É–∑—Å–∫–∏–π —è–∑—ã–∫ | Nj School | Skype	124434208
Linguistic Academy	43538590
–†–µ–ø–µ—Ç–∏—Ç–æ—Ä/–ø–µ—Ä–µ–≤–æ–¥—á–∏–∫ –∞–Ω–≥–ª–∏–π—Å–∫–æ–≥–æ –∏ —Ñ—Ä–∞–Ω—Ü—É–∑—Å–∫–æ–≥–æ	127706256
E-livres en fran√ßais - –ö–Ω–∏–≥–∏ –Ω–∞ —Ñ—Ä–∞–Ω—Ü—É–∑—Å–∫–æ–º	62075513
–¢–∫–∞–Ω–∏ –£–∫—Ä–∞–∏–Ω–∞ —Ä–æ–∑–Ω–∏—Ü–∞ –∏ –æ–ø—Ç.	43382793
–õ—é–±–∏—Ç–µ–ª–∏ —Ñ—Ä–∞–Ω—Ü—É–∑—Å–∫–æ–≥–æ —Ñ–∏–ª—å–º–∞ –ê–º–µ–ª–∏	259711
–ö—É—Ä—Å—ã —Ñ—Ä–∞–Ω—Ü—É–∑—Å–∫–æ–≥–æ ¬´Le franco¬ª	169700075
–§—Ä–∞–Ω—Ü—É–∑—Å–∫–∏–µ –ò—Å—Ç–æ—Ä–∏–∏: –®–∞–Ω—Å–æ–Ω, –ö–∏–Ω–æ, –ê—Ä—Ç.	190488226
–§—Ä–∞–Ω—Ü—É–∑—Å–∫–∞—è –ö–æ—Å–º–µ—Ç–∏–∫–∞ –ë–∏–æ—Å–∏ (BIOSEA)	191915318
–£—á–∏–º —Ñ—Ä–∞–Ω—Ü—É–∑—Å–∫–∏–π	145298315
–í–æ–ª–æ–Ω—Ç–µ—Ä—ã –§—Ä–∞–Ω—Ü—É–∑—Å–∫–æ–≥–æ –∏–Ω—Å—Ç–∏—Ç—É—Ç–∞	43964805
–ú—É–∑—ã–∫–∞ –∏—Å–ø–∞–Ω—Å–∫–∞—è, —Ñ—Ä–∞–Ω—Ü—É–∑—Å–∫–∞—è, –∏—Ç–∞–ª—å—è–Ω—Å–∫–∞—è etc	51582950
–§—Ä–∞–Ω—Ü—É–∑—Å–∫–∞—è –ø–∞—Ä—Ñ—é–º–µ—Ä–∏—è RENI –Ω–∞ —Ä–∞–∑–ª–∏–≤ –≤ –ë—Ä–µ—Å—Ç–µ	109086252
–ö—Ä–∞—Å–Ω–æ—è—Ä—Å–∫ –ø—Ä–∏—á–µ—Å–∫–∏ - –∞—Ñ—Ä–æ, –±—Ä–µ–π–¥—ã, –∫–æ—Å—ã	29393176
–§—Ä–∞–Ω—Ü—É–∑—Å–∫–∏–π —É–Ω–∏–≤–µ—Ä—Å–∏—Ç–µ—Ç—Å–∫–∏–π –∫–æ–ª–ª–µ–¥–∂	40776
–§—Ä–∞–Ω—Ü—É–∑—Å–∫–∏–π, –∞–Ω–≥–ª–∏–π—Å–∫–∏–π –∏ –Ω–µ–º–µ—Ü–∫–∏–π	30845278
–§—Ä–∞–Ω—Ü—É–∑—Å–∫–∞—è –∫–æ–º–∏–∫-–≥—Ä—É–ø–ø–∞ "–®–∞—Ä–ª–æ"///Les Charlots	5123669
–ê–¥–∞–ø—Ç–∏—Ä–æ–≤–∞–Ω–Ω—ã–µ –∫–Ω–∏–≥–∏ –Ω–∞ —Ñ—Ä–∞–Ω—Ü—É–∑—Å–∫–æ–º	63349773
–ö–Ω–∏–≥–∏ –Ω–∞ —Ñ—Ä–∞–Ω—Ü—É–∑—Å–∫–æ–º	145585861
–§–µ—Å—Ç–∏–≤–∞–ª—å —Ñ—Ä–∞–Ω—Ü—É–∑—Å–∫–æ–π –ø–µ—Å–Ω–∏ "–§—Ä–∞–Ω—Ü—É–∑—Å–∫–∞—è –≤–µ—Å–Ω–∞"	43684322
–§–∏–ª—å–º—ã –Ω–∞ –§–†–ê–ù–¶–£–ó–°–ö–û–ú –Ø–ó–´–ö–ï —Å —Å—É–±—Ç–∏—Ç—Ä–∞–º–∏	38057602
–°–º–æ—Ç—Ä–∏–º —Ñ–∏–ª—å–º—ã —Å —Å—É–±—Ç–∏—Ç—Ä–∞–º–∏ –Ω–∞ —Ñ—Ä–∞–Ω—Ü—É–∑—Å–∫–æ–º —è–∑—ã–∫–µ	45368577
–≠–∫—Å–ø—Ä–µ—Å—Å —Ñ–∏—Ç–Ω–µ—Å –°–∞—Ñ–∞—Ä–∏ –≤–æ –§—Ä–∞–Ω—Ü—É–∑—Å–∫–æ–º –±—É–ª—å–≤–∞—Ä–µ	134128741
Speak Easy - –ö—É—Ä—Å—ã –∞–Ω–≥–ª–∏–π—Å–∫–æ–≥–æ —è–∑—ã–∫–∞	29679693
–§–†–ê–ù–¶–£–ó–°–ö–ò–ô –Ø–ó–´–ö - STUDYfrench.ru	43163600
‚ñ¨ FILMS FRANCAIS –§–∏–ª—å–º—ã –Ω–∞ —Ñ—Ä–∞–Ω—Ü—É–∑—Å–∫–æ–º ‚ñ¨	29308059
–§—Ä–∞–Ω—Ü—É–∑—Å–∫–∏–µ –±—É–ª—å–¥–æ–≥–∏ –ú–æ–ø—Å—ã –∏ –Ω–µ —Ç–æ–ª—å–∫–æ –ë–µ—Ä–µ–∑–Ω–∏–∫–∏	105821095
Francais parfait | –û–±—É—á–µ–Ω–∏–µ —Ñ—Ä–∞–Ω—Ü—É–∑—Å–∫–æ–º—É	21523259
–§—Ä–∞–Ω—Ü—É–∑—Å–∫–∏–µ —à—Ç—É—á–∫–∏ –°–ü–±	26731276
–ê–Ω–≥–ª–∏–π—Å–∫–∏–π - —Ñ—Ä–∞–Ω—Ü—É–∑—Å–∫–∏–π –ø–æ SKYPE	30105522
–§—Ä–∞–Ω—Ü—É–∑—Å–∫–∏–π –î–æ–º –ö–æ—Ä–ø–æ—Ä–∞—Ü–∏—è BSB	56422214
–§—Ä–∞–Ω—Ü—É–∑—Å–∫–æ–µ –∫–∏–Ω–æ & Festival de Cannes	8314
Philosophy project‚Ñ¢‚ñ∫–ú—É–∑—ã–∫–∞‚óÑ	4293445
–§—Ä–∞–Ω—Ü—É–∑—Å–∫–∏–π —è–∑—ã–∫ –ø–æ –≤–∏–¥–µ–æ –∏ –º—É–∑—ã–∫–µ !	187401079
–§—Ä–∞–Ω—Ü—É–∑—Å–∫–∏–π - —É—á–∏—Ç—å –ª–µ–≥–∫–æ!	93143033
–§—Ä–∞–Ω—Ü—É–∑—Å–∫–∏–π —è–∑—ã–∫  –¥–ª—è –Ω–∞—á–∏–Ω–∞—é—â–∏—Ö | francoden.ru	176451065
–§—Ä–∞–Ω—Ü—É–∑—Å–∫–∏–µ –∫–æ—Å—ã, –±—Ä–µ–π–¥—ã, –∞—Ñ—Ä–æ–∫–æ—Å—ã!	6546033
–ë–µ—Å—Ç+ - –ê–Ω–≥–∏–π—Å–∫–∏–π, —Ñ—Ä–∞–Ω—Ü—É–∑—Å–∫–∏–π, –Ω–µ–º–µ—Ü–∫–∏–π –∏ –¥—Ä—É–≥–∏–µ –∏–Ω–æ—Å—Ç—Ä–∞–Ω–Ω—ã–µ —è–∑—ã–∫–∏.	30609349
–§—Ä–∞–Ω—Ü—É–∑—Å–∫–∏–µ –ö–æ—Å—ã –ü—Ä–∏—á—ë—Å–∫–∏ –ö–µ—Ä–∞—Ç–∏–Ω –≤ –û–º—Å–∫–µ	142409140
Club de fran√ßais NSU || –§—Ä–∞–Ω—Ü—É–∑—Å–∫–∏–π –∫–ª—É–± –ù–ì–£	8171912
¬´–§–†–ê–ù–¶–£–ó–°–ö–ò–ô –î–í–û–†–ò–ö¬ª –∏–Ω—Ç–µ—Ä–Ω–µ—Ç-–º–∞–≥–∞–∑–∏–Ω –ø–∞—Ä—Ñ—é–º–µ—Ä–∏–∏	45167615
–§—Ä–µ–¥–µ—Ä–∏–∫ –ë–µ–≥–±–µ–¥–µ—Ä (–û—Ñ–∏—Ü–∏–∞–ª—å–Ω–æ–µ –°–æ–æ–±—â–µ—Å—Ç–≤–æ)	21044
Vog Coiffure —Ñ—Ä–∞–Ω—Ü—É–∑—Å–∫–∏–π —Å–∞–ª–æ–Ω –∫—Ä–∞—Å–æ—Ç—ã –°–ø–±	105034740
–ê–Ω–≥–ª–∏–π—Å–∫–∏–π –§—Ä–∞–Ω—Ü—É–∑—Å–∫–∏–π –ù–æ–≤–æ—Ä–æ—Å—Å–∏–π—Å–∫	171256895
CFL –ê–Ω–≥–ª–∏–π—Å–∫–∏–π | –§—Ä–∞–Ω—Ü—É–∑—Å–∫–∏–π –£–ª—å—è–Ω–æ–≤—Å–∫	42748976
–§—Ä–∞–Ω—Ü—É–∑—Å–∫–∏–µ –ø–µ—Å–Ω–∏ —Å –ø–µ—Ä–µ–≤–æ–¥–æ–º	186047188
–§—Ä–∞–Ω—Ü—É–∑—Å–∫–∏–π —Å –Ω—É–ª—è	171523760
–§—Ä–∞–Ω—Ü—É–∑—Å–∫–∏–π –±—É–ª—å–¥–æ–≥ ‚ù§Ô∏è	112903767
Promod Kazakhstan	22535245
–§—Ä–∞–Ω—Ü—É–∑—Å–∫–∏–µ –±—É–ª—å–¥–æ–≥–∏ –ú—É—Ä–º–∞–Ω—Å–∫–∞	18091517
Florange (–§—Ä–∞–Ω—Ü—É–∑—Å–∫–∞—è –∫–æ–ª–ª–µ–∫—Ü–∏—è  –Ω–∏–∂–Ω–µ–≥–æ –±–µ–ª—å—è)	102988723
*–ù–ê–®–ò –õ–Æ–ë–ò–ú–´–ï –§–†–ê–ù–¶–£–ó–°–ö–ò–ï –ë–£–õ–¨–î–û–ì–ò*	25197652
*MUSIQUE FRANCAISE*–§–†–ê–ù–¶–£–ó–°–ö–ê–Ø –ú–£–ó–´–ö–ê*FRENCH MUSIC*m√∫sica francesa*m√∫sica franc√™s*	2483339
Communication. –§—Ä–∞–Ω—Ü—É–∑—Å–∫–∏–π –≤ –í–æ–ª–≥–æ–≥—Ä–∞–¥–µ	52745671
__________________ –∞–Ω–≥–ª–∏–π—Å–∫–∏–π —Ñ—Ä–∞–Ω—Ü—É–∑—Å–∫–∏–π –≤—å–µ—Ç–Ω–∞–º—Å–∫–∏–π —Ä—É—Å—Å–∫–∏–π –∫–∏—Ç–∞–π—Å–∫–∏–π —è–∑—ã–∫–æ–≤—ã–µ —à–∫–æ–ª—ã online –ø—Ä–µ–ø–æ–¥–∞–≤–∞—Ç–µ–ª–∏ —É—á–∏—Ç—å—Å—è —Ä–∞–∑–≤–∏–≤–∞—Ç—å—Å—è  Maxpeople Club___________________	12996684
–§—Ä–∞–Ω—Ü—É–∑—Å–∫–∏–π —è–∑—ã–∫ —Å –Ω—É–ª—è	37654812
–ó–∞–ø—á–∞—Å—Ç–∏ –ö–∏–µ–≤	91247174
–§—Ä–∞–Ω—Ü—É–∑—Å–∫–∏–π —Ä–∞–∑–≥–æ–≤–æ—Ä–Ω—ã–π –∫–ª—É–± –î–æ–Ω–µ—Ü–∫	11153736
–ü–ê–†–§–Æ–ú_–ë–ê–† "–§–†–ê–ù–¶–£–ó–°–ö–ò–ô –î–í–û–†–ò–ö".–†–ï–ù–ò.–ù–ê–õ–ò–í–ù–ê–Ø	191052418
–ú—ã –ª—é–±–∏–º —Ñ—Ä–∞–Ω—Ü—É–∑—Å–∫–∏–π –º—é–∑–∏–∫–ª "–†–æ–º–µ–æ –∏ –î–∂—É–ª—å–µ—Ç—Ç–∞"	2705369
–õ—é–±–∏—Ç–µ–ª–∏ —Ñ—Ä–∞–Ω—Ü—É–∑—Å–∫–∏—Ö –∏ –∞–Ω–≥–ª–∏–π—Å–∫–∏—Ö –±—É–ª—å–¥–æ–≥–æ–≤ :)	20397912
–§—Ä–∞–Ω—Ü—É–∑—Å–∫–∞—è –º—É–∑—ã–∫–∞/La musique fran√ßaise	46625396
French Rap 4 You - —Ñ—Ä–∞–Ω—Ü—É–∑—Å–∫–∏–π —Ä—ç–ø –¥–ª—è –í–∞—Å! –ó–∞–∫–∞–∂–∏ –°–≤–æ—é –ú—É–∑—ã–∫—É, –ü–æ–ª—É—á–∏ –°—Å—ã–ª–∫–∏, –°–∫–∞—á–∞–π –∏ –ù–∞—Å–ª–∞–∂–¥–∞–π—Å—è!	9385424
–ü–æ–ª–∏–≥–ª–æ—Ç-—Ñ—Ä–∞–Ω—Ü—É–∑—Å–∫–∏–π —è–∑—ã–∫ –∑–∞ 16 —á–∞—Å–æ–≤	39239844
–†–µ–ø–µ—Ç–∏—Ç–æ—Ä –ø–æ –∞–Ω–≥–ª–∏–π—Å–∫–æ–º—É –∏ —Ñ—Ä–∞–Ω—Ü—É–∑—Å–∫–æ–º—É –≤ –£—Ñ–µ	75881040
–§—Ä–∞–Ω—Ü—É–∑—Å–∫–∏–π —è–∑—ã–∫ –æ–Ω–ª–∞–π–Ω - mon amour	111933564
Fragonard (–§—Ä–∞–≥–æ–Ω–∞—Ä)	73322485
–§—Ä–∞–Ω—Ü—É–∑—Å–∫–∏–µ –ø–µ—Å–Ω–∏	15278496
----->>>FRANCAIS –°—Ç—Ä–∞—Å—Ç–Ω—ã–µ –õ—é–±–∏—Ç–µ–ª–∏ –§—Ä–∞–Ω—Ü—É–∑—Å–∫–æ–≥–æ	119468
*** –§–†–ê–ù–¶–£–ó–°–ö–ò–ô –Ø–ó–´–ö / le fran√ßais! –§—Ä–∞–Ω—Ü–∏—è!***	5015636
–ú–∞–Ω–∏–∫—é—Ä –ø–µ–¥–∏–∫—é—Ä –∫—Ä–∞—Å–∏–≤—ã–π –º–æ–¥–Ω—ã–π —Ñ—Ä–∞–Ω—Ü—É–∑—Å–∫–∏–π —Ñ–æ—Ç–æ	56760786
–§—Ä–∞–Ω—Ü—É–∑—Å–∫–∏–µ –Ω–∞—Ç—è–∂–Ω—ã–µ –ø–æ—Ç–æ–ª–∫–∏. –¶–∏–∫–ª–µ–≤–∫–∞ –ø–∞—Ä–∫–µ—Ç–∞.	11597569
–§—Ä–∞–Ω—Ü—É–∑—Å–∫–∏–π —á–∞–π–Ω–∏–∫. –†–µ–ø–µ—Ç–∏—Ç–æ—Ä –ø–æ —Å–∫–∞–π–ø—É	122367044
–§–∏–ª—å–º—ã –Ω–∞ –∞–Ω–≥–ª–∏–π—Å–∫–æ–º, –Ω–µ–º–µ—Ü–∫–æ–º, —Ñ—Ä–∞–Ω—Ü—É–∑—Å–∫–æ–º, –ø–æ–ª	19937344
–ö–æ—Å—ã , –∫–æ—Å–∏—á–∫–∏ ,  –ø–ª–µ—Ç–µ–º  ,  –∑–∞–ø–ª–µ—Ç–∞–µ–º ,  —Ñ—Ä–µ–Ω—á –∏ —Ñ—Ä–∞–Ω—Ü—É–∑—Å–∫–∏–µ –∫–æ—Å—ã ! –ü—Ä–∏—á–µ—Å–∫–∏ –ø–æ–≤—Å–µ–¥–Ω–µ–≤–Ω—ã–µ –≤–µ—á–µ—Ä–Ω–∏–µ.	21948163
–§–∏—Ç–Ω–µ—Å-–∫–ª—É–± "–•–∞–ª–∫"	37448497
Grammar School - –ê–Ω–≥–ª–∏–π—Å–∫–∏–π, —Ñ—Ä–∞–Ω—Ü—É–∑—Å–∫–∏–π –û–Ω–ª–∞–π–Ω.	48561775
–®–æ–∫–æ. –§—Ä–∞–Ω—Ü—É–∑—Å–∫–∞—è –∫–æ—Ñ–µ–π–Ω—è	55881045
–ö–ª—É–± —Ü–µ–Ω–∏—Ç–µ–ª–µ–π —Ñ—Ä–∞–Ω—Ü—É–∑—Å–∫–∏—Ö –≤–∏–Ω {******–í—Å—ë –±—É–¥–µ—Ç —Ö–æ—Ä–æ—à–æ!!!!!!*****}	32948
–§—Ä–∞–Ω—Ü—É–∑—Å–∫–∏–π –≤ –ú–∏–Ω—Å–∫–µ. –†–µ–ø–µ—Ç–∏—Ç–æ—Ä. –ü–µ—Ä–µ–≤–æ–¥.	95198312
–°—Ç–∞—Ç—É—Å—ã –Ω–∞ —Ñ—Ä–∞–Ω—Ü—É–∑—Å–∫–æ–º	46368383
Enseignement du FLE (–§—Ä–∞–Ω—Ü—É–∑—Å–∫–∏–π —è–∑—ã–∫)	155829047
–§–∏–ª—å–º—ã –Ω–∞ —Ñ—Ä–∞–Ω—Ü—É–∑—Å–∫–æ–º —è–∑—ã–∫–µ –±–µ–∑ –ø–µ—Ä–µ–≤–æ–¥–∞	26104478
–§—Ä–∞–Ω—Ü—É–∑ –≤ –°–∏–±–∏—Ä–∏	19893190
"–ö–ª—É–± –ª—é–±–∏—Ç–µ–ª–µ–π  –§—Ä–∞–Ω—Ü—É–∑—Å–∫–∏—Ö –ë—É–ª—å–¥–æ–≥–æ–≤" –≥.–ü–µ—Ç—Ä–æ–∑–∞–≤–æ–¥—Å–∫–∞	23210942
–§–†–ê–ù–¶–£–ó–°–ö–ò–ï –ú–ï–¢–ê–ú–û–†–§–û–ó–´ –≤ –ü–µ—Ç–µ—Ä–±—É—Ä–≥–µ.	11278063
–§—Ä–∞–Ω—Ü—É–∑—Å–∫–∏–π —è–∑—ã–∫ –¢—é–º–µ–Ω—å	91737393
–§—Ä–∞–Ω—Ü—É–∑—Å–∫–∏–π —è–∑—ã–∫ –≤ –í–æ—Ä–æ–Ω–µ–∂–µ/–∫–ª—É–± –ü–æ–ª–∏–ì–ª–æ–¢	115836225
–§—Ä–∞–Ω—Ü—É–∑—Å–∫–æ–µ –∫–∏–Ω–æ - "–í–∏–¥–æ–∫","–õ–µ–æ–Ω","–ü—Ä–æ—Ñ–µ—Å—Å–∏–æ–Ω–∞–ª",–∞ —Ç–∞–∫ –∂–µ –î–µ–ø–∞—Ä–¥—å–µ,–†–µ–Ω–æ,–õ—É–∏ –¥–µ –§—é–Ω–µ—Å,–†–∏—à–∞—Ä,–ë–µ–ª—å–º–æ–Ω–¥–æ	2055906
–ö–∞–∫ –≤—ã—É—á–∏—Ç—å —Ñ—Ä–∞–Ω—Ü—É–∑—Å–∫–∏–π –±—ã—Å—Ç—Ä–æ?	78811146
–ûh l√† l√†! Bonjour! –§—Ä–∞–Ω—Ü—É–∑—Å–∫–∏–π –¥–ª—è –Ω–∞—á–∏–Ω–∞—é—â–∏—Ö!	138166046
–ú–∏–ª—ã–µ –§–†–ê–ù–¶–£–ó–°–ö–ò–ï –ë–£–õ–¨–î–û–ì–ò ..–î–µ–ª–∏–º—Å—è –æ–ø—ã—Ç–æ–º..	60154645
–§—Ä–∞–Ω—Ü—É–∑—Å–∫–∏–π –±–µ–∑ –Ω–∞–≥—Ä—É–∑–∫–∏	26597342
EUFORIA BOUTIQUE ‚ôï –º–æ–¥–Ω–∞—è –æ–¥–µ–∂–¥–∞, –ø–ª–∞—Ç—å—è, –ø–∞–ª—å—Ç–æ	52045878
–°–¢–û "L`atelier Francais" –§—Ä–∞–Ω—Ü—É–∑—Å–∫–∞—è –º–∞—Å—Ç–µ—Ä—Å–∫–∞—è"	32536507
–§—Ä–∞–Ω—Ü—É–∑—Å–∫–∞—è –∫–æ–ª–ª–µ–∫—Ü–∏—è	150600152
livres audio - –ê—É–¥–∏–æ–∫–Ω–∏–≥–∏ –Ω–∞ —Ñ—Ä–∞–Ω—Ü—É–∑—Å–∫–æ–º	66660331
–§—Ä–∞–Ω—Ü—É–∑—Å–∫–∞—è –∫–æ–Ω–¥–∏—Ç–µ—Ä—Å–∫–∞—è "Peche Mignon"	36973570
–ü–µ—Ä–µ–≤–æ–¥—ã, –ø–µ—Ä–µ–≤–æ–¥—á–∏–∫ —Å —Ñ—Ä–∞–Ω—Ü—É–∑—Å–∫–æ–≥–æ —è–∑—ã–∫–∞	113168642
–ü–ê–†–§–Æ–ú–ï–†–ò–Ø –ò –ö–û–°–ú–ï–¢–ò–ö–ê –ò–ó–í–ï–°–¢–ù–´–• –ë–†–ï–ù–î–û–í	78667937
–§—Ä–∞–Ω—Ü—É–∑—Å–∫–∏–π –∞–≤—Ç–æ–ø–∞—Ä—Ñ—é–º "Meilleur"	162616578
–§—Ä–∞–Ω—Ü—É–∑—Å–∫–∏–π —è–∑—ã–∫ —à–∫–æ–ª–∞ ‚Ññ 4	109665980
‚òÖ–ù–ê–†–ê–©–ò–í–ê–ù–ò–ï –í–û–õ–û–°‚òÖ–ù–æ–≤–æ—Å–∏–±–∏—Ä—Å–∫	29728065
–§—Ä–∞–Ω—Ü—É–∑—Å–∫–∞—è –≠–ö–û-–ø—Ä–æ–¥—É–∫—Ü–∏—è BIOSEA.	100403258
~ –§—Ä–∞–Ω—Ü—É–∑—Å–∫–∏–π –¥–≤–æ—Ä–∏–∫~	152429909
–§—Ä–∞–Ω—Ü—É–∑—Å–∫–∏–π —Å–µ—Ä–∏–∞–ª –ò–º–æ–∂–µ–Ω –õ–µ –î–∞–Ω—Ç–µ–∫ –∏–∑ –ü–ª—é–≥–µ—Ä–µ–∫–∞	87877766
–§—Ä–∞–Ω—Ü—É–∑—Å–∫–∞—è –∫–æ–º–ø–∞–Ω–∏—è BIOSEA	82535176
–ö–æ—Å—ã,–∫–æ—Å–æ–Ω—å–∫–∏,–∫–æ—Å–∏—á–∫–∏.–ü–ª–µ—Ç–µ–Ω–∏–µ —Ñ—Ä–∞–Ω—Ü—É–∑—Å–∫–∏—Ö –∫–æ—Å.–£	31418048
–§–†–ê–ù–¶–£–ó–°–ö–ò–ï –ú–Æ–ó–ò–ö–õ–´-–õ–£–ß–®–ò–ï!	2399535
–£—Ä–æ–∫–∏ —Ñ—Ä–∞–Ω—Ü—É–∑—Å–∫–æ–≥–æ —è–∑—ã–∫–∞ –¥–ª—è –Ω–∞—á–∏–Ω–∞—é—â–∏—Ö	55798352
–§—Ä–∞–Ω—Ü—É–∑—Å–∫–∞—è –ø–∞—Ä—Ñ—é–º–µ—Ä–∏—è. –ö—Ä–∞—Å–æ—Ç–∞ –∏ –∑–¥–æ—Ä–æ–≤—å–µ.	91997036
–¢–í–û–Ø –ú–û–î–ù–ê–Ø –í–û–õ–ù–ê	816128
–§—Ä–∞–Ω—Ü—É–∑—Å–∫–∏–π –∞–≤—Ç–æ–ø–∞—Ä—Ñ—é–º Meilleur	172691842
–†–µ–ø–µ—Ç–∏—Ç–æ—Ä –ø–æ —Ñ—Ä–∞–Ω—Ü—É–∑—Å–∫–æ–º—É —è–∑—ã–∫—É –ø–æ Skype (–°–∫–∞–π–ø)	63342963
–§—Ä–∞–Ω—Ü—É–∑—Å–∫–∞—è –ú–û–î–ê –¥–ª—è –í–∞—à–∏—Ö –¥–µ—Ç–µ–π	45680073
–§—Ä–∞–Ω—Ü—É–∑—Å–∫–∞—è –Ω–∞–ª–∏–≤–Ω–∞—è –ø–∞—Ä—Ñ—é–º–µ—Ä–∏—è.	140707885
–§–†–ê–ù–¶–£–ó–°–ö–ò–ô/–ò–°–ü–ê–ù–°–ö–ò–ô-–ü–µ—Ä–µ–≤–æ–¥—ã	55329561
–û–Ω–ª–∞–π–Ω-—à–∫–æ–ª–∞ —Ñ—Ä–∞–Ω—Ü—É–∑—Å–∫–æ–≥–æ —è–∑—ã–∫–∞ "La r√©ponse"	171606803
–§—Ä–∞–Ω—Ü—É–∑—Å–∫–∏–π —è–∑—ã–∫ –ø–æ —Å–∫–∞–π–ø—É	52483932
–§—Ä–∞–Ω—Ü—É–∑—Å–∫–∏–π —è–∑—ã–∫| –†–∞–∑–≥–æ–≤–æ—Ä–Ω—ã–π –∫–ª—É–±| –ë–∏–≥–≤–∏–≥	50562613
Le FRANCAIS | –§—Ä–∞–Ω—Ü—É–∑—Å–∫–∏–π —è–∑—ã–∫	23282848
–ê–Ω—Ç—É–∞–Ω –¥–µ –°–µ–Ω—Ç-–≠–∫–∑—é–ø–µ—Ä–∏	41256
–§—Ä–∞–Ω—Ü—É–∑—Å–∫–∏–µ –±—É–ª—å–¥–æ–≥–∏ - –ª—é–±–æ–≤—å –≤—Å–µ–π –∂–∏–∑–Ω–∏	5555738
–§—Ä–∞–Ω—Ü—É–∑—Å–∫–∏–π —è–∑—ã–∫ —Å Bonjour Fran√ßais!	52471024
–†–ï–ü–ï–¢–ò–¢–û–† –ê–ù–ì–õ–ò–ô–°–ö–ò–ô –§–†–ê–ù–¶–£–ó–°–ö–ò–ô ONLINE	190029390
–§–†–ê–ù–¶–£–ó–°–ö–ê–Ø –ü–ï–ö–ê–†–ù–Ø "–ë–ê–†–ê–í–ò-–¢" | –¢–û–†–¢–´ –ù–ê –ó–ê–ö–ê–ó	20146656
–ù–∞—à–∏ –ª—é–±–∏–º—ã–µ —Ñ—Ä–∞–Ω—Ü—É–∑—Å–∫–∏–µ –∏ –≤–µ–Ω–≥–µ—Ä—Å–∫–∏–µ –º—é–∑–∏–∫–ª—ã	30455768
¬´–î–ï–õ–ê–ô –†–ê–ó¬ª - –æ—Ä–≥–∞–Ω–∏–∑–∞—Ü–∏—è —Å–æ–±—ã—Ç–∏–π –≤ –°–ü–ë	36356300
–§—Ä–∞–Ω—Ü—É–∑—Å–∫–∏–π —è–∑—ã–∫ —Å –º–∞–º–æ–π. –î–ª—è –¥–µ—Ç–µ–π —Å —Ä–æ–∂–¥–µ–Ω–∏—è	44372813
–§—Ä–∞–Ω—Ü—É–∑—Å–∫–∏–π –±—É–ª—å–¥–æ–≥ - —Å–∞–º–∞—è –ª—É—á—à–∞—è –ø–æ—Ä–æ–¥–∞ –≤ –£–∫—Ä–∞	5360464
Lukas Beach	5889803
–§—Ä–∞–Ω—Ü—É–∑—Å–∫–∞—è —Ä–µ–≤–æ–ª—é—Ü–∏—è	434297
–§—Ä–∞–Ω—Ü—É–∑—Å–∫–∏–π –ë—É–ª—å–¥–æ–≥	38476438
L'ambre(–õ–∞–º–±—Ä–µ)- –§—Ä–∞–Ω—Ü—É–∑—Å–∫–∞—è –ø–∞—Ä—Ñ—é–º–µ—Ä–∏—è –∏ –∫–æ—Å–º–µ—Ç–∏–∫–∞  –≤ –ù–æ–≤–æ—Å–∏–±–∏—Ä—Å–∫–µ.	15897424
–ù–ò–ñ–ù–ï–ï –ë–£–î–£–ê–†–ù–û–ï –ë–ï–õ–¨–ï  ¬´Wooma Boutique¬ª	133792517
–†–µ–ø–µ—Ç–∏—Ç–æ—Ä –ø–æ —Å–∫–∞–π–ø—É | –ê–ù–ì–õ–ò–ô–°–ö–ò–ô, –§–†–ê–ù–¶–£–ó–°–ö–ò–ô	184524518
–§—Ä–∞–Ω—Ü—É–∑—Å–∫–∏–π –∫–ª—É–±	5308506
–ò–∑—É—á–∞–µ–º –∞–Ω–≥–ª–∏–π—Å–∫–∏–π, —Ñ—Ä–∞–Ω—Ü—É–∑—Å–∫–∏–π, –∏—Å–ø–∞–Ω—Å–∫–∏–π	53951324
–ú–æ–¥–Ω—ã–µ –∫–æ—Å—ã 2021. –ê—Ä—Ç–∫–æ—Å—ã. –ò—Å–∫—É—Å—Å—Ç–≤–æ –ø–ª–µ—Ç–µ–Ω–∏—è	30687709
–§–†–ê–ù–¶–£–ó–°–ö–ò–ô –° –õ–Æ–ë–û–í–¨–Æ	146096648
–£—á–∏–º —Ñ—Ä–∞–Ω—Ü—É–∑—Å–∫–∏–π —è–∑—ã–∫, —Å–ª—É—à–∞—è –º—É–∑—ã–∫—É :)	17177714
Moscow ELC - –†–∞–∑–≥–æ–≤–æ—Ä–Ω—ã–π –ê–Ω–≥–ª–∏–π—Å–∫–∏–π –≤ –ú–æ—Å–∫–≤–µ	17042036
–†–ï–ü–ï–¢–ò–¢–û–† –§–†–ê–ù–¶–£–ó–°–ö–û–ì–û –Ø–ó–´–ö–ê, –û–ú–°–ö	153202444
–§—Ä–∞–Ω—Ü—É–∑—Å–∫–∏–π —É–≥–æ–ª–æ–∫ - –∂–µ–Ω—Å–∫–∞—è –æ–¥–µ–∂–¥–∞ –∏–∑ –§—Ä–∞–Ω—Ü–∏–∏	24904138
–†–µ–ø–µ—Ç–∏—Ç–æ—Ä –ø–æ —Ñ—Ä–∞–Ω—Ü—É–∑—Å–∫–æ–º—É —è–∑—ã–∫—É	53197974
–∞–Ω–≥–ª–∏–π—Å–∫–∏–π & —Ñ—Ä–∞–Ω—Ü—É–∑—Å–∫–∏–π	158098344
–ö–∞–∑–∞–Ω—å	33746612
–°–µ—Ç—å —Ñ—Ä–∞–Ω—Ü—É–∑—Å–∫–∏—Ö –±—É–ª–æ—à–Ω—ã—Ö ¬´–ñ–∞–Ω –†—É–∞¬ª	110151538
–§—Ä–∞–Ω—Ü—É–∑—Å–∫–∏–π –Ω–∞ –¥–∏–≤–∞–Ω–µ	46441543
–õ–∏—Ü–µ–Ω–∑–∏–æ–Ω–Ω—ã–π —Ñ—Ä–∞–Ω—Ü—É–∑—Å–∫–∏–π –ø–∞—Ä—Ñ—é–º –¢—É–ª–∞, –≤—Å—è –†–§.	80607836
–®–∫–æ–ª–∞ —Ñ—Ä–∞–Ω—Ü—É–∑—Å–∫–æ–≥–æ —è–∑—ã–∫–∞,—Å–ø–±,–°–∞–Ω–∫—Ç –ü–µ—Ç–µ—Ä–±—É—Ä–≥	40852209
–§—Ä–∞–Ω—Ü—É–∑—Å–∫–∏–π —è–∑—ã–∫ –ø–æ —Å–∫–∞–π–ø—É	175449661
–£—á–∏–º —è–∑—ã–∫ –∏–≥—Ä–∞—è. –ê–Ω–≥–ª–∏–π—Å–∫–∏–π. –§—Ä–∞–Ω—Ü—É–∑—Å–∫–∏–π.	82324493
–§—Ä–∞–Ω—Ü—É–∑—Å–∫–∏–π —Ä–∞–∑–≥–æ–≤–æ—Ä–Ω—ã–π –∫–ª—É–±	19819544
–õ—é–±–∏—Ç–µ–ª–∏ –§—Ä–∞–Ω—Ü—É–∑—Å–∫–æ–≥–æ –®–∞–Ω—Å–æ–Ω–∞	975575
–ê–Ω–≥–ª–∏–π—Å–∫–∏–π, —Ñ—Ä–∞–Ω—Ü—É–∑—Å–∫–∏–π, –∏—Å–ø–∞–Ω—Å–∫–∏–π –≤ –°–∞—Ä–∞–Ω—Å–∫–µ	116175077
''COEMI'' –ö—É–ø–∏—Ç—å –∂–µ–Ω—Å–∫–æ–µ –Ω–∏–∂–Ω–µ–µ –±–µ–ª—å–µ	19059869
–ö—É—Ä—Å—ã –∞–Ω–≥–ª–∏–π—Å–∫–æ–≥–æ, —Ñ—Ä–∞–Ω—Ü—É–∑—Å–∫–æ–≥–æ —è–∑—ã–∫–∞ —Å MƒÉr»õi»ôor	63527600
–§—Ä–∞–Ω—Ü—É–∑—Å–∫–∏–π —Ä—ç–ø	6397957
—Ñ–∏–ª—å–º—ã –Ω–∞ —Ñ—Ä–∞–Ω—Ü—É–∑—Å–∫–æ–º	22113228
–§—Ä–∞–Ω—Ü—É–∑—Å–∫–∏–µ –∫–æ—Å—ã, –∫–æ—Å–∏—á–∫–∏!–í–∏–¥–µ–æ-–∫—É—Ä—Å –±–µ—Å–ø–ª–∞—Ç–Ω–æ!!	27076857
–§—Ä–∞–Ω—Ü—É–∑—Å–∫–∏–π —è–∑—ã–∫ –ø–æ –°–∫–∞–π–ø—É, —Ä–µ–ø–µ—Ç–∏—Ç–æ—Ä—ã –ø–æ Skype	27903074
"AromAVis" –§–†–ê–ù–¶–£–ó–°–ö–ò–ï –î–£–•–ò - –ø—Ä—è–º—ã–µ –ø–æ—Å—Ç–∞–≤–∫–∏!!!	130424884
INSTITUT FRAN√áAIS - –ö—É—Ä—Å—ã —Ñ—Ä–∞–Ω—Ü—É–∑—Å–∫–æ–≥–æ —è–∑—ã–∫–∞	4546949
McDoctorX	8606878
–§—Ä–∞–Ω—Ü—É–∑—Å–∫–∏–π/ –ê–Ω–≥–ª–∏–π—Å–∫–∏–π —è–∑—ã–∫–∏ –ø–æ SKYPE	158573857
–§—Ä–∞–Ω—Ü—É–∑—Å–∫–∞—è —Ä–∞–∑–ª–∏–≤–Ω–∞—è –±—Ä–µ–Ω–¥–æ–≤–∞—è –ø–∞—Ä—Ñ—é–º–µ—Ä–∏—è BELLE	115861711
=–§—Ä–∞–Ω—Ü—É–∑—Å–∫–∏–π –≤ —Ä–∞–¥–æ—Å—Ç—å= –ø—Ä–µ–ø–æ–¥. –ï—Ñ—Ä–µ–º–æ–≤–∞ –í.–°.	80769988
ATENEO: –ö–∏–Ω–æ –Ω–∞ —Ñ—Ä–∞–Ω—Ü—É–∑—Å–∫–æ–º: –õ—é–±–∏–º—ã–µ —Ñ–∏–ª—å–º—ã, —Å–µ—Ä	7006965
France_Oufa –§—Ä–∞–Ω—Ü—É–∑—Å–∫–∏–π –∫—É–ª—å—Ç—É—Ä–Ω—ã–π —Ü–µ–Ω—Ç—Ä	25409454
FRap.ru - –§—Ä–∞–Ω—Ü—É–∑—Å–∫–∏–π –†—ç–ø –≤ –†–æ—Å—Å–∏–∏	172795
–¢–∏–ø–∏—á–Ω–∞—è —Ñ—Ä–∞–Ω—Ü—É–∑—Å–∫–∞—è –∫–∞—Ñ–µ–¥—Ä–∞	31436193
–ü—Ä–∏—á–µ—Å–∫–∏ –Ω–∞ –æ—Å–Ω–æ–≤–µ —Ñ—Ä–∞–Ω—Ü—É–∑—Å–∫–∏—Ö –∫–æ—Å–∏—á–µ–∫, –∂–≥—É—Ç–æ–≤ –∏ –∫—Ä–∞—Å–∏–≤—ã–µ –æ—Ä–∏–≥–∏–Ω–∞–ª—å–Ω—ã–µ –∫–æ—Å—ã	19632817
–ü–∞—Ä—Ñ—é–º–µ—Ä–∏—è	40817222
***–õ—É–∏ –î–µ –§—é–Ω–µ—Å*** - –æ–¥–∏–Ω –∏–∑ –ª—É—à–∏—Ö —Ñ—Ä–∞–Ω—Ü—É–∑—Å–∫–∏—Ö –∫–æ–º–∏–∫–æ–≤	2177469
–§—Ä–∞–Ω—Ü—É–∑—Å–∫–∞—è –Ω–∞—Ç—É—Ä–∞–ª—å–Ω–∞—è –∫–æ—Å–º–µ—Ç–∏–∫–∞ Biosea.	29550150
–§—Ä–∞–Ω—Ü—É–∑—Å–∫–∏–π —Å –õ—é—Å–∏	197487507
–§—Ä–∞–Ω—Ü—É–∑—Å–∫–∏–π —è–∑—ã–∫ —Å–∞–º–æ—Å—Ç–æ—è—Ç–µ–ª—å–Ω–æ	60053176
–§—Ä–∞–Ω—Ü—É–∑—Å–∫–∏–µ –ë—É–ª—å–¥–æ–≥–∏	46220984
–§—Ä–∞–Ω—Ü–∏—è,–§—Ä–∞–Ω—Ü—É–∑—Å–∫–∏–π —è–∑—ã–∫	43392671
"–ö–æ—Å–∏—á–∫–∞ & –†–µ—Å–Ω–∏—á–∫–∞"	66979609
–§—Ä–∞–Ω—Ü—É–∑—Å–∫–∏–π –¥–ª—è –æ–±—â–µ–Ω–∏—è	20324740
–§—Ä–∞–Ω—Ü—É–∑—Å–∫–∏–π –†–∞–∑–≥–æ–≤–æ—Ä–Ω—ã–π –ö–ª—É–±/World Language Cafe	7250719
–§—Ä–∞–Ω—Ü—É–∑—Å–∫–∏–π —è–∑—ã–∫ - La mosa√Øque fran√ßaise	46486380
–§—Ä–∞–Ω—Ü—É–∑—Å–∫–æ–µ –∫–∞—Ñ–µ PariParis	70743341
Parlez Fran√ßais (–ì–æ–≤–æ—Ä–∏—Ç–µ –ø–æ-—Ñ—Ä–∞–Ω—Ü—É–∑—Å–∫–∏)	7484
–§—Ä–∞–Ω—Ü—É–∑—Å–∫–∏–µ –ö–æ—Å–∏—á–∫–∏, –ö–æ—Å—ã.–ó–∏–∑–∏. –ê–∫–≤–∞–≥—Ä–∏–º. –°—Ç—Ä–∞–∑—ã	30215781
‚ôî –§–†–ê–ù–¶–£–ó–°–ö–ò–ï –í–ï–ß–ï–†–ù–ò–ï –∏ –í–´–ü–£–°–ö–ù–´–ï –ü–õ–ê–¢–¨–Ø 2015 ‚ôî	16793093
–§—Ä–∞–Ω—Ü—É–∑—Å–∫–∞—è –∞–ø—Ç–µ—á–Ω–∞—è –∫–æ—Å–º–µ—Ç–∏–∫–∞ –°–ü–ë	12089907
–î–µ–∫–æ—Ä–∞—Ç–∏–≤–Ω—ã–µ –ø–æ–∫—Ä—ã—Ç–∏—è	19398434
–°—É–ø–µ—Ä–º–∞—Ä–∫–µ—Ç –°–µ–º—è–Ω	71530694
–£–ß–ò–ú –§–†–ê–ù–¶–£–ó–°–ö–ò–ô –Ø–ó–´–ö!	20218706
–§—Ä–∞–Ω—Ü—É–∑—Å–∫–∏–π –±—É–ª—å–¥–æ–≥| Le bouledogue fran√ßais	18744456
BIOSEA / –ë–ò–û–°–ò / —Ñ—Ä–∞–Ω—Ü—É–∑—Å–∫–∞—è –∫–æ—Å–º–µ—Ç–∏–∫–∞ / –°–∞—Ä–∞–Ω—Å–∫	24268419
–§—Ä–∞–Ω—Ü—É–∑—Å–∫–∏–π —à–∞—Ä–º	107414965
–§—Ä–∞–Ω—Ü—É–∑—Å–∫–∏–π ‚Äî –Ω–µ –ê–Ω–≥–ª–∏–π—Å–∫–∏–π	150562345
–§—Ä–∞–Ω—Ü—É–∑—Å–∫–∏–π —Ç–µ—Ö–Ω–∏—á–µ—Å–∫–∏–π —Ñ–∞–∫—É–ª—å—Ç–µ—Ç	15427480
–§—Ä–∞–Ω—Ü—É–∑—Å–∫–∞—è –ø–µ–∫–∞—Ä–Ω—è "Bon Ami"	46221440
–ú–∞–Ω–∏–∫—é—Ä CND Shellac Minx –ì–µ–ª—å-–ª–∞–∫ –®–µ–ª–ª–∞–∫ –ú–∏–Ω—Å–∫	54030424
–§—Ä–∞–Ω—Ü—É–∑—Å–∫–∏–µ –¥—É—Ö–∏ Armelle –°—Ç–∞—Ä—ã–π –û—Å–∫–æ–ª/–ì—É–±–∫–∏–Ω	131760594
–ö–æ—Å—ã!!!–ö–æ–ª–æ—Å–∫–∏!!!–ö–æ—Å–∏—á–∫–∏!!—Ñ—Ä–∞–Ω—Ü—É–∑—Å–∫–∏–µ!–¢–≤–µ—Ä—å.	25223253
–§—Ä–∞–Ω—Ü—É–∑—Å–∫–∏–π –Ø–∑—ã–∫ "–ü–ê–†–ê–õ–õ–ï–õ–ò"	19989728
ambroisie | —Ñ—Ä–∞–Ω—Ü—É–∑—Å–∫–∞—è –∫—É—Ö–Ω—è	43809199
–ö–ª—É–± –§—Ä–∞–Ω—Ü—É–∑—Å–∫–æ–≥–æ –±–æ–∫—Å–∞ "–í–æ—Å—Ö–æ–¥".	32359899
PARIS-PARIS - –ú–∞–≥–∞–∑–∏–Ω —Ñ—Ä–∞–Ω—Ü—É–∑—Å–∫–æ–≥–æ –¥–µ–∫–æ—Ä–∞!	6483397
‚óÑ‚óÑ‚óÑ–ö—É–ª—å—Ç–æ–≤–æ–µ —Ñ—Ä–∞–Ω—Ü—É–∑—Å–∫–æ–µ –∫–∏–Ω–æ.–°–∏—Ä–∏–ª –ö–æ–ª–ª–∞—Ä.‚ñ∫‚ñ∫‚ñ∫	2358556
–ê—Ñ—Ä–æ–∫–æ—Å–∏—á–∫–∏ –ö–∏–µ–≤	3410023
–§—Ä–∞–Ω—Ü—É–∑—Å–∫–∞—è –ø–∞—Ä—Ñ—é–º–µ—Ä–∏—è AROMAVIS & –ú–∞—Å–∫–∞ Pilaten	77622017
Fran√ßais pour tous ‚ñ™||‚ñ™  –§—Ä–∞–Ω—Ü—É–∑—Å–∫–∏–π –¥–ª—è –≤—Å–µ—Ö ‚úø‹ì	32194765
5 —É—Ä–æ–∫–æ–≤ —Ñ—Ä–∞–Ω—Ü—É–∑—Å–∫–æ–≥–æ —è–∑—ã–∫–∞	185587085
–§—Ä–∞–Ω—Ü—É–∑—Å–∫–∞—è –∫—É—Ö–Ω—è	67023829
–°–≤–∞–¥–µ–±–Ω—ã–µ –ø—Ä–∏—á—ë—Å–∫–∏ | –§—Ä–∞–Ω—Ü—É–∑—Å–∫–∏–µ –∫–æ—Å—ã –≤ –ö–æ–ª–æ–º–Ω–µ	38304805
–§—Ä–∞–Ω—Ü—É–∑—Å–∫–∞—è –∞–ø—Ç–µ—á–Ω–∞—è –∫–æ—Å–º–µ—Ç–∏–∫–∞ –†—è–∑–∞–Ω—å	135013405
"ARMELLE"- –§—Ä–∞–Ω—Ü—É–∑—Å–∫–∏–π –ø–∞—Ä—Ñ—é–º/–°–∞—Ä–∞–ø—É–ª	143266531
–°–≤–∞–¥–µ–±–Ω—ã–µ –ø–ª–∞—Ç—å—è VIP bride	20125093
–§—Ä–∞–Ω—Ü—É–∑—Å–∫–∏–µ –¥—É—Ö–∏‚Ä¢–ú–æ–Ω –≠—Ç—É–∞–ª—å‚îÇ	151057452
–§—Ä–∞–Ω—Ü—É–∑—Å–∫–∏–π —Å –ú–∞—Ä–∏ –ö–∞–≤–∞–ª—å–µ	156757089
–ö–æ—Å–º–µ—Ç–∏–∫–∞ BIOSEA. –§—Ä–∞–Ω—Ü—É–∑—Å–∫–∞—è –∫–æ—Å–º–µ—Ç–∏–∫–∞ "–ë–ò–û–°–ò".	81290944
–ö–ª—É–± –ª—é–±–∏—Ç–µ–ª–µ–π –§—Ä–∞–Ω—Ü—É–∑—Å–∫–æ–≥–æ –º–∞–Ω–∏–∫—é—Ä–∞	9386489
·É¶ –ö–æ—Å–º–µ—Ç–∏–∫–∞ –∏–∑ –§—Ä–∞–Ω—Ü–∏–∏ _ –§—Ä–∞–Ω—Ü—É–∑—Å–∫–∏–π –®–∞—Ä–º ·É¶	71982023
Indigo | –§—Ä–∞–Ω—Ü—É–∑—Å–∫–∞—è –ø–∞—Ä—Ñ—é–º–µ—Ä–∏—è –∏ –∫–æ—Å–º–µ—Ç–∏–∫–∞ | –†–ë	124156754
–§—Ä–∞–Ω—Ü—É–∑—Å–∫–∞—è –∫–æ–º–ø–∞–Ω–∏—è "BIOSEA (–ë–ò–û–°–ò)"	119448881
–°–∞–¥—ã—á–∏—Ö–∞	1438704
–®–∫–æ–ª–∞ —Ñ—Ä–∞–Ω—Ü—É–∑—Å–∫–æ–≥–æ —è–∑—ã–∫–∞	134161080
–®—É–º–∏—Ö–∞"–§—Ä–∞–Ω—Ü—É–∑—Å–∫–∏–π –¥–≤–æ—Ä–∏–∫"	117801848
–§—Ä–∞–Ω—Ü—É–∑—Å–∫–∏–π  —Å–∞–ª–æ–Ω —Ü–≤–µ—Ç–æ–≤ –∏ –¥—É—Ö–æ–≤ "LES FLEURS"	26077309
–ê–Ω–≥–ª–∏–π—Å–∫–∏–π, –ù–µ–º–µ—Ü–∫–∏–π, –§—Ä–∞–Ω—Ü—É–∑—Å–∫–∏–π –≤ —à–∫–æ–ª–µ BeBest	108958121
—Å–∞–º–æ—Å—Ç–æ—è—Ç–µ–ª—å–Ω–æ–µ –∏–∑—É—á–µ–Ω–∏–µ —Ñ—Ä–∞–Ω—Ü—É–∑—Å–∫–æ–≥–æ —è–∑—ã–∫–∞	41599669
–§—Ä–∞–Ω—Ü—É–∑—Å–∫–∏–µ –æ–∫–Ω–∞	50295492
–ö—Ä–∞—Å–æ—Ç–∞ –ø–æ-—Ñ—Ä–∞–Ω—Ü—É–∑—Å–∫–∏!	36709040
-Alizee-	3245847
–§—Ä–∞–Ω—Ü—É–∑—Å–∫–∏–π —è–∑—ã–∫ –ø–æ –°–∫–∞–π–ø—É | Skype	53790539
–§—Ä–∞–Ω—Ü—É–∑—Å–∫–∏–µ –¥—É—Ö–∏ Armelle	162313418
Lanfran Dimal —Ñ—Ä–∞–Ω—Ü—É–∑—Å–∫–∏–π –∏–Ω—Å—Ç—Ä—É–º–µ–Ω—Ç–∞—Ä–∏–π –∫—Ä–∞—Å–æ—Ç—ã	55147620
"Carrement"-—Ä–∞–∑–≥–æ–≤–æ—Ä–Ω—ã–π —Ñ—Ä–∞–Ω—Ü—É–∑—Å–∫–∏–π –∫–ª—É–±	178024606
ÔΩ° ‚Åù ‡≠®‡≠ß. —Ñ—Ä–∞–Ω—Ü—É–∑—Å–∫–æ–µ –∫–∞—Ñ–µ  ‚äπ  ‚Åù ‚óã   ÔΩ°	175257424
Kriss Triane - –§—Ä–∞–Ω—Ü—É–∑—Å–∫–∏–π —Å–∞–ª–æ–Ω –∫—Ä–∞—Å–æ—Ç—ã	114386048
Epibakery. –§—Ä–∞–Ω—Ü—É–∑—Å–∫–∞—è –ø–µ–∫–∞—Ä–Ω—è	60856689
Barry English	39196515
–§—Ä–∞–Ω—Ü—É–∑—Å–∫–∏–π —è–∑—ã–∫	130176987
---> –§–†–ê–ù–¶–£–ó–°–ö–ò–ï –ë–£–õ–¨–î–û–ì–ò <--- –ø–æ–¥—Å–ª—É—à–∞–Ω–æ :)	1481966
‚Ä¢ –õ—É—á—à–∞—è –§—Ä–∞–Ω—Ü—É–∑—Å–∫–∞—è –ú—É–∑—ã–∫–∞ ‚Ä¢ Best French Music	25619683
–§–∏–ª—å–º—ã –Ω–∞ –∞–Ω–≥–ª–∏–π—Å–∫–æ–º, —Ñ—Ä–∞–Ω—Ü—É–∑—Å–∫–æ–º, –Ω–µ–º–µ—Ü–∫–æ–º –∏ –¥—Ä	122344754
–§—Ä–∞–Ω—Ü—É–∑—Å–∫–∏–µ  –ù–∞—Ç—è–∂–Ω—ã–µ –ø–æ—Ç–æ–ª–∫–∏ –°—ã–∫—Ç—ã–≤–∫–∞—Ä	39762128
S√©ries en Fran√ßais / –°–µ—Ä–∏–∞–ª—ã –Ω–∞ —Ñ—Ä–∞–Ω—Ü—É–∑—Å–∫–æ–º	37244641
‚ô• –§—Ä–∞–Ω—Ü—É–∑—Å–∫–∏–π –º–∞–Ω–∏–∫—é—Ä ‚ô• –ò –∫—Ä–∞—Å–∏–≤—ã–µ –Ω–æ–≥—Ç–∏!‚ô•	43359463
–ê–§–†–û–ö–û–°–ò–ß–ö–ò>>>–î–†–ï–î–´>>>–§–†–ê–ù–¶–£–ó–°–ö–ò–ï –ö–û–°–ò–ß–ö–ò>>>–ü–†–û–§–ï–°–°–ò–û–ù–ê–õ–¨–ù–û–ï –ü–õ–ï–¢–ï–ù–ò–ï.–°–ö–ò–î–ö–ò!!!–ù–ê –ê–§–†–û–ö–û–°–´	15540225
–õ—é–∫ –ë–µ—Å—Å–æ–Ω –∏ —Ñ—Ä–∞–Ω—Ü—É–∑—Å–∫–∞—è –∫–∏–Ω–µ–º–∞—Ç–æ–≥—Ä–∞—Ñ–∏—è!	10327
TOP39.CAFE	12053381
–§–†–ê–ù–¶–£–ó–°–ö–ò–ï –ö–û–°–´~–ü–†–ò–ß–ï–°–ö–ò~–ê–§–†–û–ö–û–°–ò–ß–ö–ò~–ó–ò-–ó–ò	43361976
CCF Moscou. –§—Ä–∞–Ω—Ü—É–∑—Å–∫–∏–π –∫—É–ª—å—Ç—É—Ä–Ω—ã–π –¶–µ–Ω—Ç—Ä.	36048864
–§—Ä–∞–Ω—Ü—É–∑—Å–∫–∏–µ —Å–ª–æ–≤–∞	177888547
Armelle –ö–∞–∑–∞—Ö—Å—Ç–∞–Ω (–§—Ä–∞–Ω—Ü—É–∑—Å–∫–∏–π –ø–∞—Ä—Ñ—é–º)	49896473
BioSea - —Ñ—Ä–∞–Ω—Ü—É–∑—Å–∫–∞—è –Ω–∞—Ç—É—Ä–∞–ª—å–Ω–∞—è –∫–æ—Å–º–µ—Ç–∏–∫–∞	141191350
ARMELLE, –ê—Ä–º–µ–ª—å, –§—Ä–∞–Ω—Ü—É–∑—Å–∫–∏–π –ü–∞—Ä—Ñ—é–º.	133320522
–ê–ù–ì–õ–ò–ô–°–ö–ò–ô –ò –§–†–ê–ù–¶–£–ó–°–ö–ò–ô –î–õ–Ø –î–ï–¢–ï–ô/–¶–ï–ù–¢–† –î–û–õ–û–†–ï–°	155176160
–†–µ–ø–µ—Ç–∏—Ç–æ—Ä —Ñ—Ä–∞–Ω—Ü—É–∑—Å–∫–∏–π  –°–ü–± –õ–∞–¥–æ–∂—Å–∫–∞—è	74290277
*–Æ–≤–µ–ª–∏—Ä–Ω–∞—è –±–∏–∂—É—Ç–µ—Ä–∏—è*–ü–∞—Ä—Ñ—é–º–µ—Ä–∏—è*Armelle*–û–¥–µ–∂–¥–∞*	16976898
–ê–Ω–≥–ª–∏–π—Å–∫–∏–π/–§—Ä–∞–Ω—Ü—É–∑—Å–∫–∏–π —è–∑—ã–∫ —ç–∫–∑–∞–º–µ–Ω/—Ç–µ—Å—Ç—ã –æ–Ω–ª–∞–π–Ω	116253873
–¢–∞—Ä–æ. –§—Ä–∞–Ω—Ü—É–∑—Å–∫–∞—è —à–∫–æ–ª–∞	134638181
–ê—Ñ—Ä–∏–∫–∞–Ω—Å–∫–∏–µ  –∫–æ—Å–∏—á–∫–∏ –§—Ä–∞–Ω—Ü—É–∑—Å–∫–∏–µ –∫–æ—Å–∏—á–∫–∏ –ú–û–°–ö–í–ê	6757444
–§–†–ê–ù–¶–£–ó–°–ö–ò–ï –ü–û–≠–¢–´	13878165
~~~~~~~~~~~~~~ –≠–∫—Å–∫–ª—é–∑–∏–≤–Ω—ã–µ –º–æ–¥–µ–ª–∏ —Ñ—Ä–∞–Ω—Ü—É–∑—Å–∫–æ–≥–æ –∂–µ–Ω—Å–∫–æ–≥–æ –Ω–∏–∂–Ω–µ–≥–æ –±–µ–ª—å—è Florange (Provea) ~~~~~~~~~~~	10425925
–ú—é–∑–∏–∫–ª –ù–æ—Ç—Ä –î–∞–º –¥–µ –ü–∞—Ä–∏ –ù–ê –§–†–ê–ù–¶–£–ó–°–ö–û–ú!!!	14537543
–§—Ä–∞–Ω—Ü—É–∑—Å–∫–∞—è –ø–µ–∫–∞—Ä–Ω—è BONAPE –≤ –£—Å—Ç—å-–ö–∞–º–µ–Ω–æ–≥–æ—Ä—Å–∫–µ!	75764389
–ü–∞—Ä—Ñ—é–º, –§—Ä–∞–Ω—Ü—É–∑—Å–∫–∏–µ –¥—É—Ö–∏ –ê—Ä–º–µ–ª—å. –ù–æ–≤–æ—Å–∏–±–∏—Ä—Å–∫	120254943
–ß–ï–ú–û–î–ê–ù–´ –°–£–ú–ö–ò	51237514
–†–µ—à–µ–±–Ω–∏–∫ —Ñ—Ä–∞–Ω—Ü—É–∑—Å–∫–∏–π —è–∑—ã–∫ 5 –∫–ª–∞—Å—Å	44505064
–§—Ä–∞–Ω—Ü—É–∑—Å–∫–∞—è –ø–∞—Ä—Ñ—é–º–µ—Ä–∏—è –∏  –æ—Ç Indigo Holding	88854957
–ù–∞—Ç—É—Ä–∞–ª—å–Ω–∞—è –§—Ä–∞–Ω—Ü—É–∑—Å–∫–∞—è –ö–æ—Å–º–µ—Ç–∏–∫–∞ BIOSEA –ë–ò–û–°–ò	162923616
–Ø —É—á—É —Ñ—Ä–∞–Ω—Ü—É–∑—Å–∫–∏–π Projet Mon fran√ßais	98245780
—É—Ä–æ–∫–∏  —Ñ—Ä–∞–Ω—Ü—É–∑—Å–∫–æ–≥–æ –º–∞–Ω–∏–∫—é—Ä–∞	39418256
Aromatic.Shop - –§—Ä–∞–Ω—Ü—É–∑—Å–∫–∏–π –ø–∞—Ä—Ñ—é–º/–ò–∂–µ–≤—Å–∫	155894888
Fran√ßais35 ~ –§—Ä–∞–Ω—Ü—É–∑—Å–∫–∏–π –∫–ª—É–±	154204107
Biosea –æ—Ä–≥–∞–Ω–∏—á–µ—Å–∫–∞—è —Ñ—Ä–∞–Ω—Ü—É–∑—Å–∫–∞—è –∫–æ—Å–º–µ—Ç–∏–∫–∞	56390065
–ü–µ—Ä–µ–≤–æ–¥—á–∏–∫–∏. –£—Å–ª—É–≥–∏ –ø–µ—Ä–µ–≤–æ–¥–∞. –ë–µ–∑ –ø–æ—Å—Ä–µ–¥–Ω–∏–∫–æ–≤. –û–±—É—á–µ–Ω–∏–µ –∞–Ω–≥–ª–∏–π—Å–∫–æ–º—É –∏ —Ñ—Ä–∞–Ω—Ü—É–∑—Å–∫–æ–º—É (—á–∞—Å—Ç–Ω—ã–µ —É—Ä–æ–∫–∏)	15303578
–ü–æ—Å–æ–ª—å—Å—Ç–≤–æ –ö—Ä–∞—Å–æ—Ç—ã | –°–∞–ª–æ–Ω –∫—Ä–∞—Å–æ—Ç—ã –ö–∏—Ä–æ–≤	148572753
"J‚Äôsuis Fran√ßais" —É—Ä–æ–∫–∏ –∏ –ø—Ä–∞–∫—Ç–∏–∫–∞ —Ñ—Ä–∞–Ω—Ü—É–∑—Å–∫–æ–≥–æ	177750329
–§—Ä–∞–Ω—Ü—É–∑—Å–∫–∞—è –ø–∞—Ä—Ñ—é–º–µ—Ä–∏—è –∏ –∫–æ—Å–º–µ—Ç–∏–∫–∞ Lambre.	65323298
–§—Ä–∞–Ω—Ü—É–∑—Å–∫–∞—è –ì–≤–∏–∞–Ω–∞ | french Guiana	148246087
–§—Ä–∞–Ω—Ü—É–∑—Å–∫–∞—è –∫—É—Ö–Ω—è	63884561
–§—Ä–∞–Ω—Ü—É–∑—Å–∫–∞—è –ü–∞—Ä—Ñ—é–º–µ—Ä–∏—è ∆∏ÃµÃ°”úÃµÃÑÃ®∆∑	40616292
‚òÜGroupe Franco-Russe//–†—É—Å—Å–∫–æ-–§—Ä–∞–Ω—Ü—É–∑—Å–∫–∞—è –≥—Ä—É–ø–ø–∞‚òÜ	8119810
–§—Ä–∞–Ω—Ü—É–∑—Å–∫–∏–µ  –¥—É—Ö–∏  Armelle üíûüíòüíù	157088793
–§—Ä–∞–Ω—Ü—É–∑—Å–∫–∞—è –∫–æ—Å–º–µ—Ç–∏–∫–∞ biosea-–ù–∏–∂–Ω–µ–∫–∞–º—Å–∫.	52874528
–§—Ä–∞–Ω—Ü—É–∑—Å–∫–∞—è –ü–æ–ª–∏–Ω–µ–∑–∏—è –∏ –ë–æ—Ä–∞ –ë–æ—Ä–∞ - —ç—Ç–æ —Ä–µ–∞–ª—å–Ω–æ—Å—Ç—å	19407987
–†–µ–ø–µ—Ç–∏—Ç–æ—Ä –§–†–ê–ù–¶–£–ó–°–ö–û–ì–û —è–∑—ã–∫–∞ –û–ù–õ–ê–ô–ù	50778507
–§—Ä–∞–Ω—Ü—É–∑—Å–∫–∏–µ —Å—ã—Ä—ã	14976473
–ü–ª–µ—Ç–µ–Ω–∏–µ —Ñ—Ä–∞–Ω—Ü—É–∑—Å–∫–∏—Ö –∫–æ—Å–∏—á–µ–∫	11591532
–†–µ–ø–µ—Ç–∏—Ç–æ—Ä –ø–æ —Ñ—Ä–∞–Ω—Ü—É–∑—Å–∫–æ–º—É —è–∑—ã–∫—É –≤ –ú–∏–Ω—Å–∫–µ	73857271
–ù–∏–∂–Ω–µ–µ –±–µ–ª—å—ë –∫—É–ø–∏—Ç—å - –§—Ä–∞–Ω—Ü—É–∑—Å–∫–∏–π –±—É–ª—å–≤–∞—Ä	65934825
–§—Ä–∞–Ω—Ü—É–∑—Å–∫–∏–π —Ä–∞–∑–≥–æ–≤–æ—Ä–Ω—ã–π –∫–ª—É–±	137428061
JUSTE DEBOUT - –æ—Ñ–∏—Ü–∏–∞–ª—å–Ω–∞—è –≥—Ä—É–ø–ø–∞	57217122
–§—Ä–∞–Ω—Ü—É–∑—Å–∫–∏–π —è–∑—ã–∫ –≤ –°–∞–Ω–∫—Ç-–ü–µ—Ç–µ—Ä–±—É—Ä–≥–µ	150985104
–ò—Å–∫—É—Å—Å—Ç–≤–æ –∂–∏—Ç—å –ø–æ —Ñ—Ä–∞–Ω—Ü—É–∑—Å–∫–∏	156573189
–¢—Ä–µ–Ω–∏–Ω–≥ _ –ö–∞–∫ –ø–æ–¥—Ä—É–∂–∏—Ç—å—Å—è —Å —Ñ—Ä–∞–Ω—Ü—É–∑—Å–∫–∏–º —è–∑—ã–∫–æ–º	191089417
Style de France. –°–∞–ª–æ–Ω —Ñ—Ä–∞–Ω—Ü—É–∑—Å–∫–∏—Ö –∏–Ω—Ç–µ—Ä—å–µ—Ä–æ–≤.	9110631
‚òú‚ûÄ‚òûINDIGO‚òú‚ûÄ‚òû –ù–∞—Ç—É—Ä–∞–ª—å–Ω–∞—è –§—Ä–∞–Ω—Ü—É–∑—Å–∫–∞—è –ü–∞—Ä—Ñ—é–º–µ—Ä–∏—è.	156898758
–°—ã—Ä–≥–æ—Ä–æ–¥ - —Ñ—Ä–∞–Ω—Ü—É–∑—Å–∫–∏–π —Å—ã—Ä —Å –ø–ª–µ—Å–µ–Ω—å—é	133132022
–§—Ä–∞–Ω—Ü—É–∑—Å–∫–∏–π —è–∑—ã–∫ - Le fran√ßais pour toi	39295570
‚ô´ –§–†–ê–ù–¶–£–ó–°–ö–ê–Ø –ü–ï–°–ù–Ø ‚ô´	35173833
–ú–∏—Ä —Ñ—Ä–∞–Ω—Ü—É–∑—Å–∫–æ–≥–æ –∫–∏–Ω–æ	282997
–í—Å—Ç—Ä–µ—á–∏ –§—Ä–∞–Ω—Ü—É–∑—Å–∫–∏—Ö –ë—É–ª—å–¥–æ–≥–æ–≤ ‚Ä¢ –°–ü–ë ‚Ä¢	120889712
–ê–§–†–û–ò–ú–ò–î–ñ. –ê—Ñ—Ä–æ –∏ —Ñ—Ä–∞–Ω—Ü—É–∑—Å–∫–∏–µ –∫–æ—Å—ã. –ú–∞–∫–∏—è–∂,–ú–ê–ù–ò–ö–Æ–†!  –ù–∞—Ä–∞—â–∏–≤–∞–Ω–∏–µ –†–ï–°–ù–ò–¶!!!–ë–ª–µ—Å–∫-—Ç–∞—Ç—É, –ë–∏–æ-—Ç–∞—Ç—É —Ö–Ω–æ–π	12179287
ARMELLE - –≠–ª–∏—Ç–Ω—ã–π —Ñ—Ä–∞–Ω—Ü—É–∑—Å–∫–∏–π –ø–∞—Ä—Ñ—é–º	82002058
–ø–µ—Å–Ω–∏ –Ω–∞ —Ñ—Ä–∞–Ω—Ü—É–∑—Å–∫–æ–º...	33217843
‚ôî –§—Ä–∞–Ω—Ü—É–∑—Å–∫–∏–π –±—É–ª—å–¥–æ–≥‚ôî	22560760
–ì—Ä—É–ø–ø–∞ –ø–æ–∫–ª–æ–Ω–Ω–∏–∫–æ–≤ —Ñ—Ä–∞–Ω—Ü—É–∑—Å–∫–æ–≥–æ —è–∑—ã–∫–∞ –∏ –∫—É–ª—å—Ç—É—Ä—ã (–ª–∏—Ç–µ—Ä–∞—Ç—É—Ä—ã, —Ç–µ–∞—Ç—Ä–∞, –º—É–∑—ã–∫–∏, –∏, –∫–æ–Ω–µ—á–Ω–æ –∂–µ, –∫—É—Ö–Ω–∏)!	405769
–§—Ä–∞–Ω—Ü—É–∑—Å–∫–∏–π –∞–Ω–∏–º–∞—Ç–æ—Ä –∏–∑ –¢–∞—Ç–∞—Ä—Å—Ç–∞–Ω–∞, –ù–∞–±. –ß–µ–ª–Ω—ã	76804804
Institut Fran√ßais d'Ukraine*/ –§—Ä–∞–Ω—Ü—É–∑—Å–∫–∏–π –∫—É–ª—å—Ç—É—Ä–Ω—ã–π —Ü–µ–Ω—Ç—Ä, –£–∫—Ä–∞–∏–Ω–∞	13546180
BEAUTY LOOK  –Ω–∞—Ä–∞—â–∏–≤–∞–Ω–∏–µ –ù–æ–≤–æ–µ –ú–µ–¥–≤–µ–¥–∫–æ–≤–æ/–ú—ã—Ç–∏—â–∏	66715579
–ö–ª—É–± –§–†–ê–ù–¶–£–ó–°–ö–û–ì–û –Ø–ó–´–ö–ê –≤ LTC –ö—Ä–∞—Å–Ω–æ–¥–∞—Ä	29889505
–§–†–ê–ù–¶–£–ó–°–ö–ê–Ø –ö–û–°–ú–ï–¢–ò–ö–ê BIOSEA(–ë–ò–û–°–ò) –í –î–û–ù–ï–¶–ö–ï	105458255
ALONZO (–§—Ä–∞–Ω—Ü—É–∑—Å–∫–∏–π –†—ç–ø - France Rap)	24827258
–§—Ä–∞–Ω—Ü—É–∑—Å–∫–∞—è –≥—Ä–∞–Ω—å - 2019	148355699
–§–†–ê–ù–¶–£–ó–°–ö–ò–ô –†–ê–ó–ì–û–í–û–†–ù–´–ô –ö–õ–£–ë –≤ –ö–∏–µ–≤–µ - CERF	24757532
–§—Ä–∞–Ω—Ü—É–∑—Å–∫–∏–π —Å –ï–ª–µ–Ω–æ–π –ö—É–Ω–¥–µ—Ä–æ–π	34751768
–§—Ä–∞–Ω—Ü—É–∑—Å–∫–∞—è –®—Ç—É—á–∫–∞	74300141
–ö–æ–ª–ª–µ–∫—Ü–∏—è —Å—ã—Ä–æ–≤ —Å —Ñ—Ä–∞–Ω—Ü—É–∑—Å–∫–∏–º –∞–∫—Ü–µ–Ω—Ç–æ–º	60461641
DAVID HAMILTON	2465329
–ò–Ω—Ç–µ—Ä–Ω–µ—Ç-–±—É—Ç–∏–∫ "–§—Ä–∞–Ω—Ü—É–∑—Å–∫–∏–π —É–∑–µ–ª–æ–∫"	76969654
–õ—é–±–∏ –º–µ–Ω—è –ø–æ-—Ñ—Ä–∞–Ω—Ü—É–∑—Å–∫–∏	11388720
üá´üá∑–§—Ä–∞–Ω—Ü—É–∑—Å–∫–∏–π –¥–ª—è –¥–µ—Ç–µ–π –∏ –∏—Ö —Ä–æ–¥–∏—Ç–µ–ª–µ–πüá´üá∑	125955059
–¶–µ–Ω—Ç—Ä –∏–Ω–æ—Å—Ç—Ä–∞–Ω–Ω—ã—Ö —è–∑—ã–∫–æ–≤: —Ñ—Ä–∞–Ω—Ü—É–∑—Å–∫–∏–π	67774013
–¢—É—Ä–∞–≥–µ–Ω—Å—Ç–≤–æ CORAL TRAVEL –Ω–∞ –§—Ä–∞–Ω—Ü—É–∑—Å–∫–æ–º –ë—É–ª—å–≤–∞—Ä–µ	90515205
–ê–Ω–≥–ª–∏–π—Å–∫–∏–π, –Ω–µ–º–µ—Ü–∫–∏–π, —Ñ—Ä–∞–Ω—Ü—É–∑—Å–∫–∏–π, –∏—Ç–∞–ª—å—è–Ω—Å–∫–∏–π	59821180
–§—Ä–∞–Ω—Ü—É–∑—Å–∫–∏–π —è–∑—ã–∫ –∏ –§—Ä–∞–Ω—Ü–∏—è	56864972
–£–ß–ò–ú –§–†–ê–ù–¶–£–ó–°–ö–ò–ô –∫–∞–∂–¥—ã–π –¥–µ–Ω—å	28173270
–°–í–ê–î–ï–ë–ù–´–ï –ü–õ–ê–¢–¨–Ø	25321593
–§—Ä–∞–Ω—Ü—É–∑—Å–∫–∞—è –ü–æ–ª–∏–Ω–µ–∑–∏—è | Polyn√©sie fran√ßaise	148246590
AromAVis –¢—É—Ç–∞–µ–≤ - —ç–ª–∏—Ç–Ω—ã–µ —Ñ—Ä–∞–Ω—Ü—É–∑—Å–∫–∏–µ –¥—É—Ö–∏	82040369
–§—Ä–∞–∑—ã –Ω–∞ —Ñ—Ä–∞–Ω—Ü—É–∑—Å–∫–æ–º :)	47124352
–§—Ä–∞–Ω—Ü—É–∑—Å–∫–∏–µ —Å–∞–ª–æ–Ω—ã –∫—Ä–∞—Å–æ—Ç—ã Jean Vallon	1344434
–§—Ä–∞–Ω—Ü—É–∑—Å–∫–∏–µ –Ω–∞—Ç—è–∂–Ω—ã–µ –ø–æ—Ç–æ–ª–∫–∏ "–°–µ–¥—å–º–æ–µ –Ω–µ–±–æ"	48783877
‚ô•–§–†–ê–ù–¶–£–ó–°–ö–ò–ï –î–£–•–ò‚ô•Elite Natali‚ô•	54404377
Armelle - –§—Ä–∞–Ω—Ü—É–∑—Å–∫–∏–π –ø–∞—Ä—Ñ—é–º | –î—É—Ö–∏ | –î–∑–µ—Ä–∂–∏–Ω—Å–∫	71190198
–§—Ä–∞–Ω—Ü—É–∑—Å–∫–∞—è –ø–∞—Ä—Ñ—é–º–µ—Ä–∏—è "AromaVis" (NEW STAR)	160058768
–§–†–ê–ù–¶–£–ó–°–ö–ê–Ø –ö–û–ú–ü–ê–ù–ò–Ø L`AMBRE –ü–†–ï–î–õ–ê–ì–ê–ï–¢ –ü–û–î–ê–†–ö–ò –ö –ù–û–í–û–ú–£ –ì–û–î–£ –ò –†–ê–ë–û–¢–£ –î–õ–Ø –ñ–ï–ù–©–ò–ù!	9168949
–¢–æ—Ä—Ç—ã|–ú–æ—Å–∫–≤–∞|–î–æ–º–æ–¥–µ–¥–æ–≤–æ|–í–∏–¥–Ω–æ–µ|–ü–æ–¥–æ–ª—å—Å–∫	100785455
–§—Ä–∞–Ω—Ü—É–∑—Å–∫–∞—è RnB –º—É–∑—ã–∫–∞	17661668
–ë—Ä–µ–Ω–¥–æ–≤—ã–π –ø–∞—Ä—Ñ—é–º| –§—Ä–∞–Ω—Ü—É–∑—Å–∫–∏–µ –¥—É—Ö–∏| Armelle	137956516
–ñ–∏–≤–∞—è –º—É–∑—ã–∫–∞. –ö–∏–µ–≤. –§—Ä–∞–Ω—Ü—É–∑—Å–∫–∏–π —à–∞–Ω—Å–æ–Ω. –≥—Ä—É–ø–ø–∞ –ö	27606466
–ê—Ä–µ–Ω–¥–∞ –Ω–∞ –õ–∞–∑—É—Ä–Ω–æ–º –ë–µ—Ä–µ–≥—É –∏ –≤ —Ñ—Ä–∞–Ω—Ü—É–∑—Å–∫–∏—Ö –ê–ª—å–ø–∞—Ö	53954425
100%–§–†–ê–ù–¶–£–ó–°–ö–ò–ï –î–£–•–ò –ê–†–û–ú–ê–í–ò–°(AROMAVIS)NEW STAR	133792331
Macarons-—Ñ—Ä–∞–Ω—Ü—É–∑—Å–∫–æ–µ –ø–∏—Ä–æ–∂–Ω–æ–µ –≤ –û–∫—Ç—è–±—Ä—å—Å–∫–æ–º	87856145
–§—Ä–∞–Ω—Ü—É–∑—Å–∫–∞—è –∞–ø—Ç–µ—á–Ω–∞—è –∫–æ—Å–º–µ—Ç–∏–∫–∞ Bioderma, Mustela	47638940
Indigo Holding- —Ñ—Ä–∞–Ω—Ü—É–∑—Å–∫–∞—è –Ω–æ–º–µ—Ä–Ω–∞—è –ø–∞—Ä—Ñ—é–º–µ—Ä–∏—è	69963026
–ê–ø—Ç–µ—á–Ω–∞—è –∫–æ—Å–º–µ—Ç–∏–∫–∞	60731285
–û—á–µ–Ω—å –∫—Ä–∞—Å–∏–≤—ã–µ –ø—Ä–∏—á–µ—Å–∫–∏:–∫–æ–ª–æ—Å–æ–∫,—Ñ—Ä–∞–Ω—Ü—É–∑—Å–∫–∏–µ –∫–æ—Å–∏—á–∫–∏	14461590
–§—Ä–∞–Ω—Ü—É–∑—Å–∫–∏–π —è–∑—ã–∫ √âcole de la parole	32706060
¬´RA Group¬ª ‚îÄ —Ñ—Ä–∞–Ω—Ü—É–∑—Å–∫–∏–µ –¥—É—Ö–∏ –∫–ª–∞—Å—Å–∞ ¬´–ê¬ª–ö—Ä—ã–º	45778200
Armelle /–§—Ä–∞–Ω—Ü—É–∑—Å–∫–∏–µ –¥—É—Ö–∏/–ß–∏—Ç–∞	117472788
Club Fran√ßais Moscou | –§—Ä–∞–Ω—Ü—É–∑—Å–∫–∏–π –∫–ª—É–±	6142105
–§—Ä–∞–Ω—Ü—É–∑—Å–∫–∏–µ –î—É—Ö–∏ Armelle. –†–æ—Å—Å–∏—è	148880591
***–ü–†–ò–ß–ï–°–ö–ò –ò–ó –ö–û–°. –§–†–ê–ù–¶–£–ó–°–ö–ò–ï –ö–û–°–ò–ß–ö–ò. –í–ï–ß–ï–†–ù–ò	29450867
–Æ–≤–µ–ª–∏—Ä–Ω—ã–π –º–∞–≥–∞–∑–∏–Ω Gold Sharm	43968233
45-—è –§—Ä–∞–Ω—Ü—É–∑—Å–∫–∞—è —à–∫–æ–ª–∞!!	370797
–§—Ä–∞–Ω—Ü—É–∑—Å–∫–∞—è –ª–æ–∫–∞–ª—å–Ω–∞—è Garage punk —Å—Ü–µ–Ω–∞!	22776442
PROUVE/–§—Ä–∞–Ω—Ü—É–∑—Å–∫–∏–µ –î—É—Ö–∏/–ö—Ä–∞—Å–æ—Ç–∞/–ë–∏–∑–Ω–µ—Å/ –î–æ—Ö–æ–¥	126799670
–§—Ä–∞–Ω—Ü—É–∑—Å–∫–∏–π —è–∑—ã–∫	4688174
–§—Ä–∞–Ω—Ü—É–∑—Å–∫–∏–π —Å–∞–º–æ—Å—Ç–æ—è—Ç–µ–ª—å–Ω–æ	175475386
–§—Ä–∞–Ω—Ü—É–∑—Å–∫–æ–µ –±–µ–ª—å–µ –§–ª–æ—Ä–∞–Ω–∂ .–û–ø—Ç–æ–º –∏ –≤ —Ä–æ–∑–Ω–∏—Ü—É.‚Ñ±‚òÜ	46870350
–§—Ä–∞–Ω—Ü—É–∑—Å–∫–∏–π —è–∑—ã–∫	55000209
–ù–ê–¢–Ø–ñ–ù–´–ï –ü–û–¢–û–õ–ö–ò –£–§–ê	56950849
–§—Ä–∞–Ω—Ü—É–∑—Å–∫–∏–π —è–∑—ã–∫	149317352
·É¶ARMELLE·É¶ - –≠–ª–∏—Ç–Ω—ã–π —Ñ—Ä–∞–Ω—Ü—É–∑—Å–∫–∏–π –ø–∞—Ä—Ñ—é–º	114467167
–§—Ä–∞–Ω—Ü—É–∑—Å–∫–∏–π —è–∑—ã–∫	5977943
–§—Ä–∞–Ω—Ü—É–∑—Å–∫–∏–π —è–∑—ã–∫ –¥–ª—è –≤—Å–µ—Ö.	84750354
–ê–§–†–û–∫–æ—Å–∏—á–∫–∏, —Ñ—Ä–∞–Ω—Ü—É–∑—Å–∫–∏–µ –∫–æ—Å–∏—á–∫–∏. –ó–∏-–ó–∏ –∏ —Å—É–ø–µ—Ä –ª–æ–∫–æ–Ω—ã.–ù–ï –î–û–†–û–ì–û!!!!!) ( –ö–ê–ó–ê–ù–¨) –û—Ç 1600 —Ä—É–±–ª–µ–π))	14088865
Frangle ‚ûî –∫—É—Ä—Å—ã —Ñ—Ä–∞–Ω—Ü—É–∑—Å–∫–æ–≥–æ –∏ –∞–Ω–≥–ª–∏–π—Å–∫–æ–≥–æ	57606387
–§—Ä–∞–Ω—Ü—É–∑—Å–∫–∏–π —Ä—ç–ø	35634
–ë–ò–†–Æ–ó–û–í–´–ï –ö–û–°–ò–ß–ö–ò	54235
–õ—é–±–∏—Ç–µ–ª–∏ —Ñ—Ä–∞–Ω—Ü—É–∑—Å–∫–æ–≥–æ –º–∞–Ω–∏–∫—é—Ä–∞	56823339
EnEsDe –∞–Ω–≥–ª–∏–π—Å–∫–∏–π –Ω–µ–º–µ—Ü–∫–∏–π —Ñ—Ä–∞–Ω—Ü—É–∑—Å–∫–∏–π –ø–æ —Å–∫–∞–π–ø—É	91205976
–ê–Ω–≥–ª–∏–π—Å–∫–∏–π, –Ω–µ–º–µ—Ü–∫–∏–π, —Ñ—Ä–∞–Ω—Ü—É–∑—Å–∫–∏–π - –Æ–ñ–ù–û–ï –ë–£–¢–û–í–û	76076441
–§—Ä–∞–Ω—Ü—É–∑—Å–∫–∏–µ –∫–æ—Å—ã –∏ –Ω–µ —Ç–æ–ª—å–∫–æ	121759027
ARMELLE -—Ñ—Ä–∞–Ω—Ü—É–∑—Å–∫–∞—è –ø–∞—Ä—Ñ—é–º–µ—Ä–∏—è	115325756
Armelee  –§—Ä–∞–Ω—Ü—É–∑—Å–∫–∏–π –ø–∞—Ä—Ñ—é–º	115195834
–û–±—ä–µ–º–Ω—ã–µ, —Ñ—Ä–∞–Ω—Ü—É–∑—Å–∫–∏–µ –∫–æ—Å—ã. –î–µ—Ç—Å–∫–∞—è –ø—Ä–∏—á–µ—Å–∫–∞	42239724
—É—Ö–æ–¥–∏ –ø–æ-–∞–Ω–≥–ª–∏–π—Å–∫–∏.—á–∏—Ç–∞–π –ø–æ-—Ñ—Ä–∞–Ω—Ü—É–∑—Å–∫–∏‚Ñ¢	13563842
–≥—Ä—É–ø–ø–∞ –ª—é–±–∏—Ç–µ–ª–µ–π —Ñ–∞–∫—É–ª—å—Ç–µ—Ç–∞ —Ñ—Ä–∞–Ω—Ü—É–∑—Å–∫–æ–≥–æ —è–∑—ã–∫–∞	577690
–£—Ä–æ–∫–∏ —Ñ—Ä–∞–Ω—Ü—É–∑—Å–∫–æ–≥–æ	104805917
Saveurs - –≥–∞—Å—Ç—Ä–æ–Ω–æ–º–∏—á–µ—Å–∫–æ–µ —Ñ—Ä–∞–Ω—Ü—É–∑—Å–∫–æ–µ –∏–∑–¥–∞–Ω–∏–µ	58238376
–§—Ä–∞–Ω—Ü—É–∑—Å–∫–∞—è –ø–µ–≤–∏—Ü–∞ BARBARA	24858438
Armelle. –ù–∞—Ç—É—Ä–∞–ª—å–Ω—ã–µ —Ñ—Ä–∞–Ω—Ü—É–∑—Å–∫–∏–µ –¥—É—Ö–∏. –¢–æ–ª—å–∫–æ –∫–∞	137017225
–†–µ–ø–µ—Ç–∏—Ç–æ—Ä  —Ñ—Ä–∞–Ω—Ü—É–∑—Å–∫–æ–≥–æ —è–∑.–í–æ–ª–≥–æ–≥—Ä–∞–¥/–í–ª–∞–¥–∏–∫–∞–≤–∫–∞–∑	130046488
"*"*"*–§–†–ê–ù–¶–£–ó–°–ö–ò–ô –ü–û–†–¢–ê–õ*"*"*"	10583571
–ü–æ–º–æ—â—å —Å—Ç—É–¥–µ–Ω—Ç–∞–º!–ü–µ—Ä–µ–≤–æ–¥ —Ç–µ–∫—Å—Ç–æ–≤ —Å/–Ω–∞ —Ñ—Ä–∞–Ω—Ü—É–∑—Å–∫–∏	20885638
–§—Ä–∞–Ω—Ü—É–∑—Å–∫–∞—è –∫–æ–Ω–¥–∏—Ç–µ—Ä—Å–∫–∞—è ¬´–û–Ω—Ç—Ä–æ–º—ç¬ª - —Ç–æ—Ä—Ç—ã –∏ –ø–∏—Ä	19847329
–¢–ê–ë–ò | –ù–ò–ù–î–ó–Ø–®–£–ó | TABI | NINJASHOES	38338712
¬§¬§¬§  –®–û–ü–ü–ò–ù–ì –ü–û-–§–†–ê–ù–¶–£–ó–°–ö–ò  ¬§¬§¬§	18098899
€© –£—á–∏–º –ê–Ω–≥–ª–∏–π—Å–∫–∏–π, –§—Ä–∞–Ω—Ü—É–∑—Å–∫–∏–π –ø–æ SKYPE ‚óè –ò–Ω–æ—Å—Ç—Ä	24648229
DENILIZ –±—Ä–µ–Ω–¥ (—Ñ—Ä–∞–Ω—Ü—É–∑—Å–∫–∞—è –∫–æ—Å—ã–Ω–∫–∞, –æ–¥–µ–∂–¥–∞)	28864920
RA GROUP: –ù–∞—Ç—É—Ä–∞–ª—å–Ω–∞—è —Ñ—Ä–∞–Ω—Ü—É–∑—Å–∫–∞—è –ø–∞—Ä—Ñ—é–º–µ—Ä–∏—è –ø–æ –Ω–∏–∑–∫–∏–º —Ü–µ–Ω–∞–º!!!	7711449
Mademoiselle Jolie - —Ñ—Ä–∞–Ω—Ü—É–∑—Å–∫–∞—è –±–∏–∂—É—Ç–µ—Ä–∏—è	32560704
Biosea - —Ñ—Ä–∞–Ω—Ü—É–∑—Å–∫–∞—è –Ω–∞—Ç—É—Ä–∞–ª—å–Ω–∞—è –∫–æ—Å–º–µ—Ç–∏–∫–∞!	155885087
–ê–†–ú–ï–õ–¨. –§—Ä–∞–Ω—Ü—É–∑—Å–∫–∏–µ –¥—É—Ö–∏.	138034424
BIOSEA - —Ñ—Ä–∞–Ω—Ü—É–∑—Å–∫–∏–π –±—Ä–µ–Ω–¥	162838063
–§–†–ê–ù–¶–£–ó–°–ö–ò–ô –Ø–ó–´–ö –° –õ–Æ–°–¨–ï–ù–û–ú –°–ò–ù–ö–ü–ï–£–ù	181805902
–§—Ä–∞–Ω—Ü—É–∑—Å–∫–æ–µ –Ω–∏–∂–Ω–µ–µ –±–µ–ª—å–µ	92393973
ARMELLE - –≠–ª–∏—Ç–Ω—ã–π –§—Ä–∞–Ω—Ü—É–∑—Å–∫–∏–π –ü–∞—Ä—Ñ—é–º	74878555
–ê—Ñ—Ä–∏–∫–∞–Ω—Å–∫–∏–µ –∫–æ—Å–∏—á–∫–∏ –≤ –ú–æ—Å–∫–≤–µ	46331797
–§—Ä–∞–Ω—Ü—É–∑—Å–∫–∏–π –∫–∞–º–µ–Ω—å –°–µ–≤–∞—Å—Ç–æ–ø–æ–ª—å —Ü–µ–Ω–∞ –∫—É–ø–∏—Ç—å —Ñ–æ—Ç–æ	156880194
AVTOPERFUMER –§—Ä–∞–Ω—Ü—É–∑—Å–∫–∏–π –ø–∞—Ä—Ñ—é–º –≤ –∞–≤—Ç–æ –≤ –ü–∞–≤–ª–æ–≤–æ	47779454
–§—Ä–∞–Ω—Ü—É–∑—Å–∫–∞—è –∫–æ–ª–ª–µ–∫—Ü–∏—è —ç–∫—Å–∫–ª—é–∑–∏–≤–Ω–æ–≥–æ –Ω–∏–∂–Ω–µ–≥–æ –±–µ–ª—å—è –∏ —é–≤–µ–ª–∏—Ä–Ω–æ–π –±–∏–∂—É—Ç–µ—Ä–∏–∏.	31930166
–ü–†–ê–í–î–ê –ò –õ–û–ñ–¨       .	10516677
–§—Ä–∞–Ω—Ü—É–∑—Å–∫–∏–π —Ä–µ—Å—Ç–æ—Ä–∞–Ω "–ö–£–•–ù–Ø"	23482971
Florange - —Ñ—Ä–∞–Ω—Ü—É–∑—Å–∫–æ–µ –Ω–∏–∂–Ω–µ–µ –±–µ–ª—å–µ –Ω–∞ –∑–∞–∫–∞–∑	58625318
************L'AMBRE - –§—Ä–∞–Ω—Ü—É–∑—Å–∫–∞—è –ø–∞—Ä—Ñ—é–º–µ—Ä–∏—è –∏ –∫	7336292
–§–æ—Ç–æ–∫–∞–±–∏–Ω–∫–∞ –¢–†–¶ "–§—Ä–∞–Ω—Ü—É–∑—Å–∫–∏–π –±—É–ª—å–≤–∞—Ä". –•–∞—Ä—å–∫–æ–≤.	75982022
Armelle/–§—Ä–∞–Ω—Ü—É–∑—Å–∫–∏–µ –î—É—Ö–∏/–†–∞–±–æ—Ç–∞/–ü–∞–≤–ª–æ–≤–æ/–ù–∏–∂–Ω–∏–π –ù	128538937
–§—Ä–∞–Ω—Ü—É–∑—Å–∫–∏–µ –ë—É–ª—å–î–æ–ì–∏‚ú®üíô	119075698
–§—Ä–∞–Ω—Ü—É–∑—Å–∫–∏–π –∏–≥—Ä–∞—é—á–∏	196587294
–†–æ–±–∏–Ω –ë–æ–±–∏–Ω –°–µ—Ç—å –∫–∞—Ñ–µ	49666545
–û—Ä—Å–∫ –§—Ä–∞–Ω—Ü—É–∑—Å–∫–∏–π –ú–∏—Ä –¥—É—Ö–æ–≤ Armelle	157516172
–§—Ä–∞–Ω—Ü—É–∑—Å–∫–∏–π —Ä–µ–ø–µ—Ä M.ASON	88682794
SOTHYS –°–û–¢–ò–° –§–†–ê–ù–¶–£–ó–°–ö–ê–Ø –ö–û–°–ú–ï–¢–ò–ö–ê –†–Ø–ó–ê–ù–¨ –ú–û–°–ö–í–ê	72634654
‚ô° –≠–ª–∏—Ç–Ω–∞—è —Ñ—Ä–∞–Ω—Ü—É–∑—Å–∫–∞—è –ø–∞—Ä—Ñ—é–º–µ—Ä–∏—è‚ô°	121970465
ARMELLE ‚ô• –§—Ä–∞–Ω—Ü—É–∑—Å–∫–∏–µ –¥—É—Ö–∏ ‚ô•	117478465
Table Moscovite : –§—Ä–∞–Ω—Ü—É–∑—Å–∫–∏–π –∫–ª—É–± –≤ –ú–æ—Å–∫–≤–µ	45504869
–í–µ–¥—É—â–∏–π –Ω–∞ –∞–Ω–≥–ª–∏–π—Å–∫–æ–º –∏ —Ñ—Ä–∞–Ω—Ü—É–∑—Å–∫–æ–º —è–∑—ã–∫–∞—Ö	73062430
–¢–æ–Ω–∫–∏–π –§—Ä–∞–Ω—Ü—É–∑—Å–∫–∏–π...‚Ñ¢	66504875
DAVID GUETTA GROUP	12810029
–≠–ª–∏—Ç–Ω–∞—è —Ñ—Ä–∞–Ω—Ü—É–∑—Å–∫–∞—è –Ω–∞–ª–∏–≤–Ω–∞—è –ø–∞—Ä—Ñ—é–º–µ—Ä–∏—è.	73824783
–§—Ä–∞–Ω—Ü—É–∑—Å–∫–∏–π –ª–∞—É–Ω–∂ ` Lounge fran√ßais	23284643
–ê—Ñ—Ä–∏–∫–∞–Ω—Å–∫–∏–µ –∫–æ—Å–∏—á–∫–∏ –û–¥–µ—Å—Å–∞. –§—Ä–∞–Ω—Ü—É–∑—Å–∫–∏–µ –∫–æ—Å–∏—á–∫–∏	3930075
–ö–∏–Ω–æ–∫–ª—É–± - –ö–ª—É–± –ª—é–±–∏—Ç–µ–ª–µ–π —Ñ—Ä–∞–Ω—Ü—É–∑—Å–∫–æ–≥–æ —è–∑—ã–∫–∞	32134860
–í—Å–µ –æ –§—Ä–∞–Ω—Ü–∏–∏, –≥–∏–¥ –ø–æ –§—Ä–∞–Ω—Ü–∏–∏, —Ñ—Ä–∞–Ω—Ü—É–∑—Å–∫–∞—è –∫—É—Ö–Ω—è	134181888
–ú–∏—Ä —Ñ—Ä–∞–Ω—Ü—É–∑—Å–∫–∏—Ö –∞—Ä–æ–º–∞—Ç–æ–≤	74225112
===== ALCATEL One Touch =====	15206209
VIVE LA FRANCE! –§–†–ê–ù–¶–£–ó–°–ö–ò–ô –î–õ–Ø –í–°–ï–•!	40466751
–§—Ä–∞–Ω—Ü—É–∑—Å–∫–æ–µ –°–æ–æ–±—â–µ—Å—Ç–≤–æ –ú–ì–£	63244561
GLAGOL. –®–∫–æ–ª–∞ —Ñ—Ä–∞–Ω—Ü—É–∑—Å–∫–æ–≥–æ —è–∑—ã–∫–∞	153644125
–ù–∞—Ç—É—Ä–∞–ª—å–Ω–∞—è —Ñ—Ä–∞–Ω—Ü—É–∑—Å–∫–∞—è –∫–æ—Å–º–µ—Ç–∏–∫–∞ Biosea	154181541
–≠–∫—Å–ø—Ä–µ—Å—Å-—Å—Ç—É–¥–∏—è. –§—Ä–∞–Ω—Ü—É–∑—Å–∫–∏–µ –∫–æ—Å—ã –∏ –ø—Ä–∏—á—ë—Å–∫–∏.	117476915
–§—Ä–∞–Ω—Ü—É–∑—Å–∫–∏–µ –∫–æ—Å—ã –∏ –ø—Ä–∏—á–µ—Å–∫–∏ –Ω–∞ –∏—Ö –æ—Å–Ω–æ–≤–µ!	28944436
–ì–æ–≤–æ—Ä—è—â–∏–π —Ö–æ–º—è–∫	51370673
–ø–ª–µ—Ç–µ–º –∫–æ—Å–∏—á–∫–∏, –∞—Ñ—Ä–æ–∫–æ—Å–∏—á–∫–∏, –ø–∞—É—Ç–∏–Ω–∫–∞, —Ñ—Ä–∞–Ω—Ü—É–∑—Å–∫	18773453
–§—Ä–∞–Ω—Ü—É–∑—Å–∫–∞—è –Ω–∞–ª–∏–≤–Ω–∞—è –ø–∞—Ä—Ñ—é–º–µ—Ä–∏—è –≤ –ü–µ—á–æ—Ä–µ	102717728
–ö–∞—Ä–∏–Ω –†–æ–π—Ç—Ñ–µ–ª—å–¥ - –≥–ª–∞–≤–Ω—ã–π —Ä–µ–¥–∞–∫—Ç–æ—Ä —Ñ—Ä–∞–Ω—Ü—É–∑—Å–∫–æ–≥–æ Vogue	11283810
–§—Ä–∞–Ω—Ü—É–∑—Å–∫–∞—è –ø–µ–∫–∞—Ä–Ω—è –ü–∞—Ä–∏–∂	120740219
–§—Ä–∞–Ω—Ü—É–∑—Å–∫–∞—è –ø–∞—Ä—Ñ—é–º–µ—Ä–∏—è –∏ –∫–æ—Å–º–µ—Ç–∏–∫–∞ LAMBRE	43001831
Armelle –≠–ª–∏—Ç–Ω–∞—è –§—Ä–∞–Ω—Ü—É–∑—Å–∫–∞—è –∫–æ—Å–º–µ—Ç–∏–∫–∞	104843870
–ú–∞—Å—Ç–µ—Ä—Å–∫–∞—è Lovich M. –ü–æ—Å—Ç–µ–ª—å–Ω–æ–µ –±–µ–ª—å–µ. –•–ª–æ–ø–æ–∫.	49178165
–§—Ä–∞–Ω—Ü—É–∑—Å–∫–∏–π –ø–∞—Ä—Ñ—é–º/–ü—Ä–∏–º–æ—Ä—Å–∫/–°–æ–≤–µ—Ç—Å–∫–∏–π/–ì–ª–µ–±—ã—á–µ–≤–æ/	123944388
–§—Ä–∞–Ω—Ü—É–∑—Å–∫–∏–π —Å–ø–∏—Å–æ–∫	106510157
CrocoLingua –§—Ä–∞–Ω—Ü—É–∑—Å–∫–∏–π —è–∑—ã–∫	51379642
–§—Ä–∞–Ω—Ü—É–∑—Å–∫–∞—è –ø–∞—Ä—Ñ—é–º–µ—Ä–∏—è	103005593
–ü–µ—Ä–µ–≤–æ–¥: –∞—Ä–∞–±—Å–∫–∏–π, —Ñ—Ä–∞–Ω—Ü—É–∑—Å–∫–∏–π ||russrules.ru	35246202
Lambre-—Ñ—Ä–∞–Ω—Ü—É–∑—Å–∫–∞—è –∫–æ—Å–º–µ—Ç–∏–∫–∞  –≤ –ù–∏–∂–Ω–µ–º –ù–æ–≤–≥–æ—Ä–æ–¥–µ	35776734
–í–æ–∫–∞–ª—å–Ω—ã–π –¥—É—ç—Ç, –∫–∞–≤–µ—Ä-–≥—Ä—É–ø–ø–∞, –∂–∏–≤–∞—è –º—É–∑—ã–∫–∞ –≤ –°–ü–±	9087085
–§—Ä–∞–Ω—Ü—É–∑—Å–∫–∞—è –∞–≤–∞	149584134
–ú–æ–π —Ñ—Ä–∞–Ω—Ü—É–∑—Å–∫–∏–π	120013827
ARMELLE - –§—Ä–∞–Ω—Ü—É–∑—Å–∫–∏–π –ø–∞—Ä—Ñ—é–º	136215369
–ü–æ—é—â–∏–π –≤–µ–¥—É—â–∏–π –Ω–∞ —Å–≤–∞–¥—å–±—É –≤ –ú–æ—Å–∫–≤–µ. –û—Ç–∑—ã–≤—ã.	68877990
–§—Ä–∞–Ω—Ü—É–∑—Å–∫–∏–π —è–∑—ã–∫  —Å –Ω–æ—Å–∏—Ç–µ–ª–µ–º	137445751
–ì–û–í–û–†–ò–ú –ü–û-–§–†–ê–ù–¶–£–ó–°–ö–ò / ON PARLE FRAN√áAIS	18350190
–§—Ä–∞–Ω—Ü—É–∑—Å–∫–∏–π —è–∑—ã–∫ –ö—Ä–∞—Å–Ω–æ—Å–µ–ª—å—Å–∫–∏–π —Ä–∞–π–æ–Ω	60198488
–ê—Ä–º–µ–ª—å. –§—Ä–∞–Ω—Ü—É–∑—Å–∫–∏–µ –¥—É—Ö–∏ Armelle	121941563
–§—Ä–∞–Ω—Ü—É–∑—Å–∫–∏–µ –∫–æ—Å–∏—á–∫–∏. –ü—Ä–∏—á–µ—Å–∫–∏ –Ω–∞ –æ—Å–Ω–æ–≤–µ –∫–æ—Å	46049178
–ê—Ä–º–µ–ª—å-–≠–ª–∏—Ç–Ω–∞—è —Ñ—Ä–∞–Ω—Ü—É–∑—Å–∫–∞—è –ø–∞—Ä—Ñ—é–º–µ—Ä–∏—è	145855210
–°–≤–∞–¥–µ–±–Ω—ã–π —Ñ–æ—Ç–æ–≥—Ä–∞—Ñ –§—Ä–∞–Ω—Ü–∏—è –ü—Ä–æ–≤–∞–Ω—Å –ù–∏—Ü—Ü–∞ –ú–æ–Ω–∞–∫–æ	53987807
L'ambre ‚ô• –§—Ä–∞–Ω—Ü—É–∑—Å–∫–∞—è –ø–∞—Ä—Ñ—é–º–µ—Ä–∏—è –∏ –∫–æ—Å–º–µ—Ç–∏–∫–∞	130039926
–§—Ä–∞–Ω—Ü—É–∑—Å–∫–∞—è –∫–æ—Å–º–µ—Ç–∏–∫–∞ –ë–∏–æ—Å–∏ | Biosea | –ò–∂–µ–≤—Å–∫	91042507
–§—Ä–∞–Ω—Ü—É–∑—Å–∫–∏–π –±—É—Ç–∏–∫	112358183
–§—Ä–∞–Ω—Ü—É–∑—Å–∫–∏–π –ø–∞—Ä—Ñ—é–ºüíñ–ú–æ—Å–∫–≤–∞	140156848
Armelle –§—Ä–∞–Ω—Ü—É–∑—Å–∫–∏–π –ø–∞—Ä—Ñ—é–º	159664528
ARMELLE‚≠ê–§—Ä–∞–Ω—Ü—É–∑—Å–∫–∏–π –ø–∞—Ä—Ñ—é–º‚≠ê	118442623
–§—Ä–∞–Ω—Ü—É–∑—Å–∫–∏–π —è–∑—ã–∫ - –ü–æ–ª–∏–≥–ª–æ—Ç. free Android	81561835
–≠—Ñ—Ñ–µ–∫—Ç–∏–≤–Ω—ã–π –∫—É—Ä—Å –∏–∑—É—á–µ–Ω–∏—è –∏–Ω–æ—Å—Ç—Ä–∞–Ω–Ω—ã—Ö —è–∑—ã–∫–æ–≤	12223930
–§—Ä–∞–Ω—Ü—É–∑—Å–∫–∏–µ –¥—É—Ö–∏ –ö—Ä–∞—Å–Ω–æ—è—Ä—Å–∫	139645205
Armelle l –ê—Ä–º–µ–ª—å l –§—Ä–∞–Ω—Ü—É–∑—Å–∫–∏–π –ø–∞—Ä—Ñ—é–º l –í–æ–ª–∂—Å–∫–∏–π	138364075
–§—Ä–∞–Ω—Ü—É–∑—Å–∫–∏–π –∫–≤–∞—Ä—Ç–∞–ª - –∏–Ω—Ç–µ—Ä–Ω–µ—Ç –º–∞–≥–∞–∑–∏–Ω	75552198
Yves Rocher - —Ñ—Ä–∞–Ω—Ü—É–∑—Å–∫–∞—è –∫–æ—Å–º–µ—Ç–∏–∫–∞ –∏ –∞–∫—Å–µ—Å—Å—É–∞—Ä—ã	17108095
–ê—Ñ—Ä–æ–∫–æ—Å–∏—á–∫–∏, —Ñ—Ä–∞–Ω—Ü—É–∑—Å–∫–∏–µ –∫–æ—Å–∏—á–∫–∏, –î—Ä–µ–¥—ã –≤ –û–¥–µ—Å—Å–µ	5822564
–£–∫—Ä–∞—à–µ–Ω–∏—è –¥–ª—è –ª—é–±–∏—Ç–µ–ª–µ–π —Ñ—Ä–∞–Ω—Ü—É–∑—Å–∫–∏—Ö –±—É–ª—å–¥–æ–≥–æ–≤	99815523
–§—Ä–∞–Ω—Ü—É–∑—Å–∫–∞—è –≤–µ—Å–Ω–∞ –≤ –•–∞—Ä—å–∫–æ–≤–µ	2010777
–§—Ä–∞–Ω—Ü—É–∑—Å–∫–∏–µ –¥—É—Ö–∏ –ù.–î–µ–≤—è—Ç–∫–∏–Ω–æ –°–ü–±	155696570
–ò–∑—É—á–∞–µ–º –∏–Ω–æ—Å—Ç—Ä–∞–Ω–Ω—ã–µ —è–∑—ã–∫–∏ –≤–º–µ—Å—Ç–µ	9967283
–§–†–ê–ù–¶–£–ó–°–ö–ò–ï –î–£–•–ò ARMELL –ë–ò–ó–ù–ï–° –í ARMELL	136903108
AZ Parfums –≠–ª–∏—Ç–Ω–∞—è —Ñ—Ä–∞–Ω—Ü—É–∑—Å–∫–∞—è –ø–∞—Ä—Ñ—é–º–µ—Ä–∏—è	5390661
L'ambre- –®–ê–†–ú –§–†–ê–ù–¶–ò–ò! –û—Ç–∫—Ä–æ–π—Ç–µ –º–∏—Ä —Ñ—Ä–∞–Ω—Ü—É–∑—Å–∫–∏—Ö –∞—Ä–æ–º–∞—Ç–æ–≤!	11274709
–§—Ä–∞–Ω—Ü—É–∑—Å–∫–∞—è –æ—Ä–≥–∞–Ω–∏—á–µ—Å–∫–∞—è –∫–æ—Å–º–µ—Ç–∏–∫–∞ Biosea –ë–∏–π—Å–∫	158444349
–õ—é–±–∏ –ú–µ–Ω—è –ü–æ-–§—Ä–∞–Ω—Ü—É–∑—Å–∫–∏	76429876
‚ñ¨FABERLIC‚ñ¨	29199
–§—Ä–∞–Ω—Ü—É–∑—Å–∫–∏–µ –∫–æ—Å—ã, –∫–æ–ª–æ—Å–∫–∏,–ø—Ä–∏—á–µ—Å–∫–∏ –∏–∑ –∫–æ—Å–∏—á–µ–∫ - –∫—Ä–∞—Å–∏–≤—ã–π —ç–ª–µ–º–µ–Ω—Ç –∏–º–∏–¥–∂–∞! –ß–µ–ª—è–±–∏–Ω—Å–∫	20201103
‚òÖ–ß–ê–†–û–î–ï–ô–ö–ê‚òÖ–§—Ä–∞–Ω—Ü—É–∑—Å–∫–∞—è –Ω–∞–ª–∏–≤–Ω–∞—è –ø–∞—Ä—Ñ—é–º–µ—Ä–∏—è‚òÖ–ö–û–†–°–ï	13710599
Armelle –≠–ª–∏—Ç–Ω–∞—è –ø–∞—Ä—Ñ—é–º–µ—Ä–∏—è –§—Ä–∞–Ω—Ü—É–∑—Å–∫–∏–µ –¥—É—Ö–∏	154280620
–°–Ω–µ–∂–Ω—ã–π —à–∞—Ä –§—Ä–∞–Ω—Ü—É–∑—Å–∫–∞ –∫–∞—Ä—É—Å–µ–ª—å. –≠–ª–∏—Ç–Ω—ã–µ –ø–æ–¥–∞—Ä–∫–∏	46184883
–ê—Ä–æ–º–∞.–∞–≤—Ç–æ52	118891072
‚óÑ‚óÑ:‚òÖ‚òÖ‚òÖ‚òÖ‚òÖ–ù–∞—Ç—É—Ä–∞–ª—å–Ω–∞—è —Ñ—Ä–∞–Ω—Ü—É–∑—Å–∫–∞—è –ø–∞—Ä—Ñ—é–º–µ—Ä–∏—è. –£ –Ω–∞—Å –Ω–µ –¥–µ—à–µ–≤–ª–µ. –£ –Ω–∞—Å –ë–ï–ó –ù–ê–¶–ï–ù–û–ö!!!! ‚òÖ‚òÖ‚òÖ‚òÖ‚òÖ:‚ñ∫‚ñ∫	8863209
–ü–∞—Ä—Ñ—é–º, –¥—É—Ö–∏ –≤ –û–¥–µ—Å—Å–µ	50197805
–ö—É—Ä—Å –∏—Ç–∞–ª—å—è–Ω—Å–∫–æ–≥–æ, —Ñ—Ä–∞–Ω—Ü—É–∑—Å–∫–æ–≥–æ —è–∑—ã–∫–∞. –°–∞–º–∞—Ä–∞	60896641
–ê—Ä–æ–º–∞ VIS —Ñ—Ä–∞–Ω—Ü—É–∑—Å–∫–∞—è –ø–∞—Ä—Ñ—é–º–µ—Ä–∏—è	87492600
–§—Ä–∞–Ω—Ü—É–∑—Å–∫–∏–µ –¥–µ—Å–µ—Ä—Ç—ã "–§—Ä–µ–∑—å–µ" –û–¥–µ—Å—Å–∞	94904875
–§—Ä–∞–Ω—Ü—É–∑—Å–∫–∏–µ –¥—É—Ö–∏ ARMELLE-–¢–≤–µ—Ä—å/–°—Ç—Ä–æ–∏–º –±–∏–∑–Ω–µ—Å.	145980421
L'AMBRE –≤ –£–∫—Ä–∞–∏–Ω–µ (–≥.–ö–∏–µ–≤, –≥.–ë—É—á–∞)!!! –§—Ä–∞–Ω—Ü—É–∑—Å–∫–∞	19388023
–õ–∞–º–±—Ä–µ –°–∞—Ä–∞–Ω—Å–∫!–§—Ä–∞–Ω—Ü—É–∑—Å–∫–∞—è –ø–∞—Ä—Ñ—é–º–µ—Ä–∏—è –∏ –∫–æ—Å–º–µ—Ç–∏–∫	61095366
–ù–∞—Å—Ç–æ—è—â–∏–µ —Ñ—Ä–∞–Ω—Ü—É–∑—Å–∫–∏–µ –¥—É—Ö–∏	4098783
–®–∞—Ç–æ –õ–µ–¥–æ, –¢–†–¶ –§–†–ê–ù–¶–£–ó–°–ö–ò–ô –ë–£–õ–¨–í–ê–†, –õ–µ–¥ –ö—Ä—É–≥–ª—ã–π –ì–æ–¥	1789710
Pi√©ces de rechange - –∑–∞–ø—á–∞—Å—Ç–∏ –¥–ª—è —Ñ—Ä–∞–Ω—Ü—É–∑—Å–∫–∏—Ö –∞–≤—Ç–æ–º–æ–±–∏–ª–µ–π	14550078
–ö–ª—É–± –§—Ä–∞–Ω–∫–æ–≥–æ–≤–æ—Ä—è—â–∏—Ö	9206
–§—Ä–∞–Ω—Ü—É–∑—Å–∫–∞—è –ø–∞—Ä—Ñ—é–º–µ—Ä–∏—è –æ—Ç –∫–æ–º–ø–∞–Ω–∏–∏ RA GROUP	53191297
–§—Ä–∞–Ω—Ü—É–∑—Å–∫–∏–π —è–∑—ã–∫ ‚ô•‚ô•‚ô• –∏–Ω–¥–∏–≤–∏–¥—É–∞–ª—å–Ω—ã–µ –∑–∞–Ω—è—Ç–∏—è	152329411
–ò–∑—É—á–∞–µ–º —Ñ—Ä–∞–Ω—Ü—É–∑—Å–∫–∏–π —Å–∞–º–æ—Å—Ç–æ—è—Ç–µ–ª—å–Ω–æ!	19648965
–§—Ä–∞–Ω—Ü—É–∑—Å–∫–∏–µ –¥—É—Ö–∏/ –ü–∞—Ä—Ñ—é–º–µ—Ä–∏—è / Armelle –°–∞–º–∞—Ä–∞	161570041
—Ñ—Ä–∞–Ω—Ü—É–∑—Å–∫–∞—è –ø–∞—Ä—Ñ—é–º–µ—Ä–∏—è  –∏ –∫–æ—Å–º–µ—Ç–∏–∫–∞ –æ—Ç L"AMBRE . —Å—Ç–∞–Ω—å –∫–æ–Ω—Å—É–ª—å—Ç–∞–Ω—Ç–æ–º –∏–ª–∏ –∫–ª–∏–µ–Ω—Ç–æ–º!!!	4717456
–†–∞–¥–∏–æ "La tour Eiffel" - –§—Ä–∞–Ω—Ü—É–∑—Å–∫–∞—è –º—É–∑—ã–∫–∞	21476576
ARMELLE –∫–∞—á–µ—Å—Ç–≤–µ–Ω–Ω—ã–µ —Ñ—Ä–∞–Ω—Ü—É–∑—Å–∫–∏–µ –¥—É—Ö–∏/ —Ä–∞–±–æ—Ç–∞	52387779
–ë–æ—Ç–∏–ª—å–æ–Ω—ã –∏ —Ç—É—Ñ–ª–∏	78253702
‚ô•Armelle‚ô•–≠–ª–∏—Ç–Ω–∞—è –§—Ä–∞–Ω—Ü—É–∑—Å–∫–∞—è –ü–∞—Ä—Ñ—é–º–µ—Ä–∏—è‚ô•	114807255
–§—Ä–∞–Ω—Ü—É–∑—Å–∫–∞—è –ø–∞—Ä—Ñ—é–º–µ—Ä–∏—è  Armelle	139763730
–§—Ä–∞–Ω—Ü—É–∑—Å–∫–∞—è –ø–∞—Ä—Ñ—é–º–µ—Ä–∏—è –∏ –∫–æ—Å–º–µ—Ç–∏–∫–∞ Armelle	131163831
–§—Ä–∞–Ω—Ü—É–∑—Å–∫–∞—è –ü–∞—Ä—Ñ—é–º–µ—Ä–∏—è Armelle.–£—Ñ–∞.	127734033
Àú‚Äù*¬∞‚Ä¢.‚ô°‚ô°‚ô°–§–æ—Ä–º—É–ª–∞ –ª—é–±–≤–∏‚ô°‚ô°‚ô°.‚Ä¢¬∞*‚ÄùÀú –ö–æ–ª–ª–µ–∫—Ü–∏—è –∞—Ä–æ–º–∞—Ç–æ–≤ —Å —Ñ–µ—Ä–∞–º–æ–Ω–∞–º–∏, –Ω–æ–º–µ—Ä–Ω–∞—è —Ñ—Ä–∞–Ω—Ü—É–∑—Å–∫–∞—è –ø–∞—Ä—Ñ—é–º–µ—Ä–∏—è, –¥–µ–∫–æ—Ä–∞—Ç–∏–≤–Ω–∞—è –∫–æ—Å–º–µ—Ç–∏–∫–∞, –∫–æ—Å–º–µ—Ç–∏—á–µ—Å–∫–∏–µ —Å—Ä–µ–¥—Å—Ç–≤–∞	17664972
–ê—Ä–º–µ–ª—å-–≠–ª–∏—Ç–Ω–∞—è —Ñ—Ä–∞–Ω—Ü—É–∑—Å–∫–∞—è –ø–∞—Ä—Ñ—é–º–µ—Ä–∏—è.	127567633
Miss Ariel Rebel	42640114
–§—Ä–∞–Ω—Ü—É–∑—Å–∫–∏–π –¥–ª—è –≤—Å–µ—Ö)	118828155
–ò–°–ü–ê–ù–°–ö–ò–ô, –ê–ù–ì–õ–ò–ô–°–ö–ò–ô, –§–†–ê–ù–¶–£–ó–°–ö–ò–ô –ü–û –°–ö–ê–ô–ü–£ ‚úî	19914935
ARMELLE | –≠–õ–ò–¢–ù–´–ï –§–†–ê–ù–¶–£–ó–°–ö–ò–ï –î–£–•–ò | –í–û–õ–û–ì–î–ê	46231985
–§—Ä–∞–Ω—Ü—É–∑—Å–∫–∞—è –∞–ø—Ç–µ—á–Ω–∞—è –∫–æ—Å–º–µ—Ç–∏–∫–∞	145195054
–§—Ä–∞–Ω—Ü—É–∑—Å–∫–∏–µ –∫–æ—Å–∏—á–∫–∏ !  –ù–µ–¥–æ—Ä–æ–≥–æ!	966123
Salut! –§—Ä–∞–Ω—Ü—É–∑—Å–∫–∏–π —è–∑—ã–∫ —Å —É–¥–æ–≤–æ–ª—å—Å—Ç–≤–∏–µ–º.	102470190
–ú–æ—Å–∫–≤–∞.–£—Ä–æ–∫–∏ –∞–Ω–≥–ª–∏–π—Å–∫–æ–≥–æ –∏ —Ñ—Ä–∞–Ω—Ü—É–∑—Å–∫–æ–≥–æ —è–∑—ã–∫–æ–≤.	148994176
–§–†–ê–ù–¶–£–ó–°–ö–ò–ô –ë–ê–õ–ö–û–ù –ø–æ–¥ –∫–ª—é—á. –û–°–¢–ï–ö–õ–ï–ù–ò–ï –ë–ê–õ–ö–û–ù–ê.	50634747
üçíüéâArmelle-–§—Ä–∞–Ω—Ü—É–∑—Å–∫–∏–π –ø–∞—Ä—Ñ—é–º –ø—Ä–µ–º–∏—É–º- –∫–ª–∞—Å—Å–∞üçí –¢–≤	140779490
Meilleur —Ñ—Ä–∞–Ω—Ü—É–∑—Å–∫–∏–π –∞–≤—Ç–æ–º–æ–±–∏–ª—å–Ω—ã–π –ø–∞—Ä—Ñ—é–º	151455764
–§—Ä–∞–Ω—Ü—É–∑—Å–∫–∏–π —è–∑—ã–∫ —Å –Ω–æ—Å–∏—Ç–µ–ª–µ–º | –ê—Ñ—Ä–æ —à–æ—É –∏ —Ç–∞–Ω—Ü—ã	19700368
""–ê–ñ–£–†–ù–´–ï –ö–û–°–ò–ß–ö–ò"" —Ñ—Ä–∞–Ω—Ü—É–∑—Å–∫–∏–µ –∫–æ—Å—ã, –ø—Ä–∏—á—ë—Å–∫–∏ –Ω	26097343
–ñ–∞–∫ –≠–±–µ—Ä - –§—Ä–∞–Ω—Ü—É–∑—Å–∫–∏–π —Ö—É–¥–æ–∂–Ω–∏–∫. –í—Å—Ç—É–ø–∞–µ–º –∏ –∑–æ–≤–µ–º –¥—Ä—É–∑–µ–π.	19240410
–ö–æ—Å—ã, –∫–æ—Å–∏—á–∫–∏, —Ñ—Ä–∞–Ω—Ü—É–∑—Å–∫–∏–µ, –≥—Ä–µ—á–µ—Å–∫–∏–µ –∫–æ—Å–∏—á–∫–∏, –ø	21630821
–§—Ä–∞–Ω—Ü—É–∑—Å–∫–∏–π –±—É–ª—å–¥–æ–≥	79091178
–§–ê–ë–ï–†–õ–ò–ö –°—Ç–∏–ª—å –∂–∏–∑–Ω–∏ !!!!	48555778
–§—Ä–∞–Ω—Ü—É–∑—Å–∫–∏–µ –¥—É—Ö–∏ (–ø–æ –æ–ø—Ç–æ–≤—ã–º —Ü–µ–Ω–∞–º)!!!–ù–∏–∂–Ω–∏–π –ù–æ–≤	7541505
–ù–∏–∂–Ω–µ–µ –±–µ–ª—å—ë. –ö—É–ø–∞–ª—å–Ω–∏–∫–∏.–§—Ä–∞–Ω—Ü—É–∑—Å–∫–∞—è –±–∏–∂—É—Ç–µ—Ä–∏—è	42688960
Armelle –§—Ä–∞–Ω—Ü—É–∑—Å–∫–∏–µ –¥—É—Ö–∏ –ù–û–í–û–°–ò–ë–ò–†–°–ö –ê—Ä–º–µ–ª—å	87008142
–ê—Ä–º–µ–ª—å –§—Ä–∞–Ω—Ü—É–∑—Å–∫–∏–µ –¥—É—Ö–∏	95087950
–§—Ä–∞–Ω—Ü—É–∑—Å–∫–∏–µ –∫–æ–Ω–¥–∏—Ç–µ—Ä—Å–∫–∏–µ GARCON	52932043
‚Ç∞ –ü–õ–ï–¢–ï–ù–ò–ï –§–†–ê–ù–¶–£–ó–°–ö–ò–• –ö–û–° ‚Ç∞	12575642
–§—Ä–∞–Ω—Ü—É–∑—Å–∫–∞—è –∫–æ—Å—ã–Ω–∫–∞ –®–ê–†–§–∏–∫-–§–†–ê–ù–¢–û–ù	40492323
—Ñ—Ä–∞–Ω—Ü—É–∑—Å–∫–∞—è –º—É–∑—ã–∫–∞	7787684
BIOSEA –æ—Ä–≥–∞–Ω–∏—á–µ—Å–∫–∞—è, —Ñ—Ä–∞–Ω—Ü—É–∑—Å–∫–∞—è –∫–æ—Å–º–µ—Ç–∏–∫–∞!	52828350
KRASIVA cosmetics	60426590
ARMELLE. –§—Ä–∞–Ω—Ü—É–∑—Å–∫–∞—è –ø–∞—Ä—Ñ—é–º–µ—Ä–∏—è. –°–ü–±(–õ–æ–º–æ–Ω–æ—Å–æ–≤)	121903985
K–õ–£–ë –õ–Æ–ë–ò–¢–ï–õ–ï–ô –§–†–ê–ù–¶–£–ó–°–ö–ò–• –ë–£–õ–¨–î–û–ì–û–í	593036
–§—Ä–∞–Ω—Ü—É–∑—Å–∫–∞—è –æ—Ä–≥–∞–Ω–∏—á–µ—Å–∫–∞—è –∫–æ—Å–º–µ—Ç–∏–∫–∞	48839330
–§—Ä–∞–Ω—Ü—É–∑—Å–∫–æ–µ –Ω–∏–∂–Ω–µ–µ –±–µ–ª—å—ë. –°–∫–∏–¥–∫–∏. Outlet Ukraine	69176840
"ARMELLE"-–§–†–ê–ù–¶–£–ó–°–ö–ò–ô –ü–ê–†–§–Æ–ú –ë–ò–ó–ù–ï–° –ê–†–ú–ï–õ–¨	133886592
–¢–æ—Ä—Ç—ã –ù–∞ –ó–∞–∫–∞–∑ –ü–æ –§—Ä–∞–Ω—Ü—É–∑—Å–∫–∏–º –†–µ—Ü–µ–ø—Ç—É—Ä–∞–º –ö–∏–µ–≤	56953075
Nouvelle Vague	4809343
–ê—Ä–º–µ–ª—å.–§—Ä–∞–Ω—Ü—É–∑—Å–∫–∏–π –ø–∞—Ä—Ñ—é–º –ø–æ –ø—Ä–∏–≤–ª–µ–∫–∞—Ç–µ–ª—å–Ω–æ–π —Ü–µ–Ω	113348315
–ö–ª—É–± —Ñ—Ä–∞–Ω—Ü—É–∑—Å–∫–æ–≥–æ —è–∑—ã–∫–∞. –≥.–ö–∞–∑–∞–Ω—å	71665745
–§—Ä–∞–Ω—Ü—É–∑—Å–∫–∏–π —è–∑—ã–∫ –ø–æ —Å–∫–∞–π–ø—É (Skype)	102249797
–ü—Ä–æ—Ñ–µ—Å—Å–∏–æ–Ω–∞–ª—å–Ω–∞—è —Ñ—Ä–∞–Ω—Ü—É–∑—Å–∫–∞—è –∫–æ—Å–º–µ—Ç–∏–∫–∞ Peggy Sage	12370199
–ö—Ä–µ–º–∞ –ö–æ—Ä–µ—è‚ô•–í–í –∫—Ä–µ–º/‚ô•–§—Ä–∞–Ω—Ü—É–∑—Å–∫–∞—è –ë–∏–∂—É—Ç–µ—Ä–∏—è Swaro	35860371
ModernDom - –§—Ä–∞–Ω—Ü—É–∑—Å–∫–∏–µ –ù–∞—Ç—è–∂–Ω—ã–µ –ü–æ—Ç–æ–ª–∫–∏,–õ–æ–∑–æ–≤–∞—è	142042572
–§–†–ê–ù–¶–£–ó–°–ö–ò–ï –î–£–•–ò ARMELLE|–†–ê–ë–û–¢–ê|–ê–†–•–ê–ù–ì–ï–õ–¨–°–ö|	119723996
–ü–∞—Ä—Ñ—é–º–µ—Ä–∏—è Prouve –ü–µ—Ä–º—å	50550726
–§—Ä–∞–Ω—Ü—É–∑—Å–∫–∞—è –ø–∞—Ä—Ñ—é–º–µ—Ä–∏—è	105574075
–§—Ä–∞–Ω—Ü—É–∑—Å–∫–∞—è –ì–∏–º–Ω–∞—Å—Ç–∏–∫–∞ –≥.–û–¥–µ—Å—Å–∞	17011201
–≠–∫—Å–∫–ª—é–∑–∏–≤–Ω–æ–µ —Ñ—Ä–∞–Ω—Ü—É–∑—Å–∫–æ–µ –±–µ–ª—å–µ –∏ –±–∏–∂—É—Ç–µ—Ä–∏—è	22515994
–ù–ê–†–ê–©–ò–í–ê–ù–ò–ï –†–ï–°–ù–ò–¶,–ù–û–ì–¢–ï–ô,–®–ï–õ–õ–ê–ö,–ë–ò–û –ü—Ä–æ—Å–≤–µ—â–µ–Ω–∏—è	8017834
‚ô° –§—Ä–∞–Ω—Ü—É–∑—Å–∫–∏–π —Ä–µ—Å—Ç–æ—Ä–∞–Ω –ê–≤–∞—Ç–∞—Ä–∏–∏	113350648
*–ù–ê–®–ò –õ–Æ–ë–ò–ú–´–ï –§–†–ê–ù–¶–£–ó–°–ö–ò–ï –ë–£–õ–¨–î–û–ì–ò*	8855434
—Å–ê–≤–∞ | –§—Ä–∞–Ω—Ü—É–∑—Å–∫–∏–π —è–∑—ã–∫	75023732
–§—Ä–∞–Ω—Ü—É–∑—Å–∫–∏–π –§–∞–∫—É–ª—å—Ç–µ—Ç –ü–ì–õ–£	1043962
‚öúÔ∏è–ë–†–ï–ù–î–û–í–ê–Ø –ü–ê–†–§–Æ–ú–ï–†–ò–Ø RENI‚öúÔ∏è [–†–µ–Ω–∏] | –ú—ã—Ç–∏—â–∏	133706640
‚ô•ƒÑ‚Ñõ‚Ñ≥‚Ñ∞‚Ñí‚Ñí‚Ñ∞‚ô• - –≠–ª–∏—Ç–Ω—ã–π –§—Ä–∞–Ω—Ü—É–∑—Å–∫–∏–π –ø–∞—Ä—Ñ—é–º	99981183
Cafe Opera - –§—Ä–∞–Ω—Ü—É–∑—Å–∫–æ–µ –∫–∞—Ñ–µ - –ö–æ–Ω–¥–∏—Ç–µ—Ä—Å–∫–∞—è	135750830
–°—Ç—É–¥–µ–Ω—á–µ—Å–∫–∏–µ –∫–∞–Ω–∏–∫—É–ª—ã –≤–æ –§—Ä–∞–Ω—Ü—É–∑—Å–∫–∏—Ö –ê–ª—å–ø–∞—Ö!	30627487
VinLambre - –§—Ä–∞–Ω—Ü—É–∑—Å–∫–∞—è –ø–∞—Ä—Ñ—é–º–µ—Ä–∏—è –∏ –∫–æ—Å–º–µ—Ç–∏–∫–∞	72811632
C–æ–≤—Ä–µ–º–µ–Ω–Ω–∞—è —Ñ—Ä–∞–Ω—Ü—É–∑—Å–∫–∞—è —Ö–æ—Ä–µ–æ–≥—Ä–∞—Ñ–∏—è (FranceDanse)	21002090
–§—Ä–∞–Ω—Ü—É–∑—Å–∫–∏–µ –≠–ª–∏—Ç–Ω—ã–µ –î—É—Ö–∏*Armelle*–ü–∞—Ä—Ñ—é–º–µ—Ä–∏—è –û–ê–≠	113561793
–§—Ä–∞–Ω—Ü—É–∑—Å–∫–∏–µ –±–∞–ª–∫–æ–Ω—ã | –ö—Ä–∏–≤–æ–π –†–æ–≥ | –§–æ—Ç–æ –¶–µ–Ω—ã	70686665
–§–†–ê–ù–¶–£–ó–°–ö–ê–Ø –ö–û–ù–î–ò–¢–ï–†–°–ö–ê–Ø "PARFAIT"(–ü–ê–†–§–ï)	95504803
ARMELLE –§—Ä–∞–Ω—Ü—É–∑—Å–∫–∏–π –ø–∞—Ä—Ñ—é–º 20% –∫–æ–Ω—Ü–µ–Ω—Ç—Ä–∞—Ü–∏–∏ –°–ü–±	126982516
–ü–æ–º–æ—á—å –†–∏—á—É-–§—Ä–∞–Ω—Ü—É–∑—Å–∫–æ–º—É –±—É–ª—å–¥–æ–≥—É	44914349
Indigo Holding  –§—Ä–∞–Ω—Ü—É–∑—Å–∫–∏–π  –ø–∞—Ä—Ñ—é–º	59865588
BIOSEA- —Ñ—Ä–∞–Ω—Ü—É–∑—Å–∫–∞—è –∫–æ—Å–º–µ—Ç–∏–∫–∞!	144102782
L`AMBRE - —Ñ—Ä–∞–Ω—Ü—É–∑—Å–∫–∞—è –ø–∞—Ä—Ñ—é–º–µ—Ä–∏—è, –±–∏–∑–Ω–µ—Å –∏ —Å—Ç–∏–ª—å	62148057
–§—Ä–∞–Ω—Ü—É–∑—Å–∫–∞—è –∫–æ—Å–º–µ—Ç–∏–∫–∞ –ò–≤ –†–æ—à–µ	69663202
–§–∏–ª—å–º—ã –Ω–∞ –∞–Ω–≥–ª–∏–π—Å–∫–æ–º	5616180
________________________!!LAAM - –ª—É—á—à–∞—è —Ñ—Ä–∞–Ω—Ü—É–∑—Å–∫–∞—è –ø–µ–≤–∏—Ü–∞!!!______________________________	2003583
BlagRB | –≠–ª–∏—Ç–Ω–∞—è —Ñ—Ä–∞–Ω—Ü—É–∑—Å–∫–∞—è –ø–∞—Ä—Ñ—é–º–µ—Ä–∏—è	118799608
–§—Ä–∞–Ω—Ü—É–∑—Å–∫–∏–µ –¥—É—Ö–∏ –æ—Ç –∫–æ–º–ø–∞–Ω–∏–∏ ARMELLE	79844099
BIOSEA - —Ñ—Ä–∞–Ω—Ü—É–∑—Å–∫–∞—è –∫–æ—Å–º–µ—Ç–∏–∫–∞	111924197
–ê–ù–ì–õ–ò–ô–°–ö–ò–ô –∏ –§–†–ê–ù–¶–£–ó–°–ö–ò–ô –ø–æ SKYPE/–ö–∞–ª–∏–Ω–∏–Ω–≥—Ä–∞–¥	74302858
–†–µ–ø–µ—Ç–∏—Ç–æ—Ä –ø–æ —Ñ—Ä–∞–Ω—Ü—É–∑—Å–∫–æ–º—É. –ü–æ–µ–∑–¥–∫–∏ –≤–æ –§—Ä–∞–Ω—Ü–∏—é	54703648
–ú–û–î–ù–´–ï –ü–†–ò–ß–ï–°–ö–ò –∏ –§–†–ê–ù–¶–£–ó–°–ö–ò–ï –ö–û–°–ò–ß–ö–ò	25779015
–§—Ä–∞–Ω—Ü—É–∑—Å–∫–∏–µ –∫–æ—Å—ã	35339110
–£—Ö–æ–¥–æ–≤–∞—è –∫–æ—Å–º–µ—Ç–∏–∫–∞ D‚ÄôMICHA√âL	160774677
¬ÆArmelle¬Æ–§—Ä–∞–Ω—Ü—É–∑—Å–∫–∞—è –ø–∞—Ä—Ñ—é–º–µ—Ä–∏—è –ü—Ä–µ–º–∏—É–º –∫–ª–∞—Å—Å–∞¬Æ	57173280
***L'AMBRE -  –†–û–°–ö–û–®–¨ –§–†–ê–ù–¶–£–ó–°–ö–ò–• –ê–†–û–ú–ê–¢–û–í***  –£ –Ω–∞—Å –ù–æ–≤–∏–Ω–∫–∏!!!	7660898
ARMELLE|–§–†–ê–ù–¶–£–ó–°–ö–ò–ï –î–£–•–ò|–°–ê–ú–ê–†–ê	127789426
ARMELLE-—ç–ª–∏—Ç–Ω—ã–µ —Ñ—Ä–∞–Ω—Ü—É–∑—Å–∫–∏–µ –¥—É—Ö–∏. –ü–µ—Ä–º—Å–∫–∏–π –∫—Ä–∞–π.	129355006
–†–µ–ø–µ—Ç–∏—Ç–æ—Ä —Ñ—Ä–∞–Ω—Ü—É–∑—Å–∫–æ–≥–æ —è–∑—ã–∫–∞ –≤ –î–Ω–µ–ø—Ä–æ–ø–µ—Ç—Ä–æ–≤—Å–∫–µ	57805251
–§—Ä–∞–Ω—Ü—É–∑—Å–∫–∏–µ –¥—É—Ö–∏ –ø—Ä–µ–º–∏—É–º –∫–ª–∞—Å—Å–∞ ARMELLE	135774383
Logro.su ‚Ä¢ –î–∏–∑–∞–π–Ω–µ—Ä—Å–∫–∏–µ –ø–ª–∞—Ç–∫–∏ –∏ —à–∞—Ä—Ñ—ã ‚Ä¢ –ü–æ–¥–∞—Ä–∫–∏	55053216
Armelle/–ê—Ä–º–µ–ª—å/–§—Ä–∞–Ω—Ü—É–∑—Å–∫–∏–µ –î—É—Ö–∏/–†–æ—Å—Å–∏—è	112552127
Armelle | –ê—Ä–º–µ–ª—å | –§—Ä–∞–Ω—Ü—É–∑—Å–∫–∞—è –ø–∞—Ä—Ñ—é–º–µ—Ä–∏—è|–†–∞–±–æ—Ç–∞	140788125
–§—Ä–∞–Ω—Ü—É–∑—Å–∫–∞—è –∞–ø—Ç–µ—á–Ω–∞—è –∫–æ—Å–º–µ—Ç–∏–∫–∞ "–ü–∞—Ä–∏–∂–∞–Ω–∫–∞".	80863408
–≠–ª–∏—Ç–Ω–∞—è –ø–∞—Ä—Ñ—é–º–µ—Ä–∏—è. –§—Ä–∞–Ω—Ü—É–∑—Å–∫–∏–µ –¥—É—Ö–∏	78354086
Armelle  | –§—Ä–∞–Ω—Ü—É–∑—Å–∫–∏–µ –¥—É—Ö–∏ –ê—Ä–º–µ–ª—å	150381761
–§—Ä–∞–Ω—Ü—É–∑—Å–∫–∞—è –ü–∞—Ä—Ñ—é–º–µ—Ä–∏—è –∏ –ö–æ—Å–º–µ—Ç–∏–∫–∞ Lambre	12815623
Radio Energy (NRG)	83637194
–†–µ–ø–µ—Ç–∏—Ç–æ—Ä –∞–Ω–≥–ª–∏–π—Å–∫–æ–≥–æ/—Ñ—Ä–∞–Ω—Ü—É–∑—Å–∫–æ–≥–æ –Ω–∞ –ê–≤—Ç–æ–∑–∞–≤–æ–¥–µ	193899046
–ü—è—Ç—å –º–∏–Ω—É—Ç —Ñ—Ä–∞–Ω—Ü—É–∑—Å–∫–æ–≥–æ —Å –õ—é—Å–∏	79994126
–ú–û–î–ù–´–ï –ü–õ–ï–¢–ï–ù–ò–Ø: –∞–∂—É—Ä–Ω—ã–µ –∫–æ—Å—ã, —Ñ—Ä–∞–Ω—Ü—É–∑—Å–∫–∏–µ –∫–æ—Å—ã,	30816922
–§—Ä–∞–Ω—Ü—É–∑—Å–∫–∏–π –õ–µ–≥–∏–æ–ù	9588118
–§—Ä–∞–Ω—Ü—É–∑—Å–∫–∏–π –æ—Ç A –¥–æ Z - 4	180792200
–ö—Ä–∞—Å–∏–≤–∞—è –≥–æ–ª–æ–≤–∞ - –∑–∞–ª–æ–≥ —É—Å–ø–µ—Ö–∞. –ó–∞–ø–ª–µ—Ç—É —Ñ—Ä–∞–Ω—Ü—É–∑—Å–∫–∏–µ –∫–æ—Å–∏—á–∫–∏ –≥. –°–∞–Ω–∫—Ç-–ü–µ—Ç–µ—Ä–±—É—Ä–≥	11385700
–†–µ–ø–µ—Ç–∏—Ç–æ—Ä –ø–æ –∞–Ω–≥–ª–∏–π—Å–∫–æ–º—É –∏ —Ñ—Ä–∞–Ω—Ü—É–∑—Å–∫–æ–º—É —è–∑—ã–∫–∞–º	178537220
‚Ä¢‚Ä¢‚Ä¢–ü—Ä–∞–∫—Ç–∏–∫–∞ —Ä–∞–∑–≥–æ–≤–æ—Ä–Ω–æ–≥–æ —Ñ—Ä–∞–Ω—Ü—É–∑—Å–∫–æ–≥–æ –ø–æ Skype !‚Ä¢‚Ä¢‚Ä¢ –°–∫–∞–π–ø, —Ñ—Ä–∞–Ω—Ü—É–∑—Å–∫–∏–π.	3979342
Armelle.–≠—Ç–æ —Ñ—Ä–∞–Ω—Ü—É–∑—Å–∫–∏–µ –¥—É—Ö–∏.–≠—Ç–æ —Ç–≤–æ–π —Å—Ç–∏–ª—å	145103450
–≠–ª–∏—Ç–Ω–∞—è —Ñ—Ä–∞–Ω—Ü—É–∑—Å–∫–∞—è –ø–∞—Ä—Ñ—é–º–µ—Ä–∏—è –æ—Ç RA Group	51353709
–ù–∞—Ä–∞—â–∏–≤–∞–Ω–∏–µ –≤–æ–ª–æ—Å –≤ –°–∞–º–∞—Ä–µ –ø–æ –ø–µ—Ä–µ–¥–æ–≤—ã–º —Ç–µ—Ö–Ω–æ–ª–æ–≥	9548086
Mission FranSaiS | –ò—Å–ø–∞–Ω—Å–∫–∏–π, —Ñ—Ä–∞–Ω—Ü—É–∑—Å–∫–∏–π —è–∑—ã–∫–∏	89585870
Armelle —Ñ—Ä–∞–Ω—Ü—É–∑—Å–∫–∏–µ –¥—É—Ö–∏	152415098
–ü–ª–µ—Ç–µ–Ω–∏–µ –§—Ä–∞–Ω—Ü—É–∑—Å–∫–∏—Ö –ö–æ—Å. –¢–≤–µ—Ä—å	32865653
–§—Ä–∞–Ω—Ü—É–∑—Å–∫–∏–π —à–∏–∫ - "Armelle"	119191443
–§—Ä–∞–Ω—Ü—É–∑—Å–∫–∏–π —è–∑—ã–∫. –ò—Å–∫—É—Å—Å—Ç–≤–æ –Ω–∞—Å–ª–∞–∂–¥–∞—Ç—å—Å—è –∂–∏–∑–Ω—å—é.	41233819
ARMELLE - —ç–ª–∏—Ç–Ω—ã–µ —Ñ—Ä–∞–Ω—Ü—É–∑—Å–∫–∏–µ –¥—É—Ö–∏! –ü–µ—Ä–º—å	119414079
ABC-France - —É—á–∏–º —Ñ—Ä–∞–Ω—Ü—É–∑—Å–∫–∏–π –≤–º–µ—Å—Ç–µ!	57053939
BESSINI	44457448
"–î–ª—è —Ç–µ—Ö, –∫—Ç–æ –ª—é–±–∏—Ç —Ñ—Ä–∞–Ω—Ü—É–∑—Å–∫—É—é –º—É–∑—ã–∫—É –æ-–æ-–æ—á–µ–Ω—å —Å–∏–ª—å–Ω–æ!"	40974
DIM. –§—Ä–∞–Ω—Ü—É–∑—Å–∫–∏–π –±—Ä–µ–Ω–¥ –Ω–∏–∂–Ω–µ–≥–æ –±–µ–ª—å—è DIM Paris	83552457
–§–†–ê–ù–¶–£–ó–°–ö–ê–Ø –ö–û–°–ú–ï–¢–ò–ö–ê  –ò –ü–ê–†–§–Æ–ú–ï–†–ò–Ø L'AMBRE –≤ –•–ú–ï–õ–¨–ù–ò–¶–ö–û–ú	14891246
·É¶·É¶·É¶BRUNO PELLETIER –õ–µ–≥–µ–Ω–¥–∞ —Ñ—Ä–∞–Ω—Ü—É–∑—Å–∫–∏—Ö –º—é–∑–∏–∫–ª–æ–≤!!! –ñ–¥–µ–º –∫–æ–Ω—Ü–µ—Ä—Ç–æ–≤ –æ—Å–µ–Ω—å—é 2010·É¶·É¶·É¶	6567121
–ù–∞—Ç—É—Ä–∞–ª—å–Ω–∞—è –§—Ä–∞–Ω—Ü—É–∑—Å–∫–∞—è –ø–∞—Ä—Ñ—é–º–µ—Ä–∏—è –ö–ª–∞—Å—Å–∞ "–ê" –î—É—Ö–∏, –ü–∞—Ä—Ñ—é–º - –î–µ—à–µ–≤–æ, –ë–ï–ó –ù–ê–¶–ï–ù–û–ö!	14521458
ÀôŒáŸ†‚Ä¢‚òÖCHAOS HAIR STYLE‚òÖ‚Ä¢Ÿ†ŒáÀô–ê—Ñ—Ä–æ–∫–æ—Å–∏—á–∫–∏, –∑–∏–∑–∏, –¥—Ä–µ–¥—ã, —Ñ—Ä–∞–Ω—Ü—É–∑—Å–∫–∏–µ –∫–æ—Å—ã, –ø–æ–Ω–∏, –ª–æ–∫–æ–Ω—ã	29126572
–§—Ä–∞–Ω—Ü—É–∑—Å–∫–∏–π –ø–∞—Ä—Ñ—é–º Armelle	141685547
English Voices Camp	47115494
TLF - ¬´–¢–µ–∞—Ç—Ä –Ω–∞ —Ñ—Ä–∞–Ω—Ü—É–∑—Å–∫–æ–º —è–∑—ã–∫–µ¬ª	35556165
–§—Ä–∞–Ω—Ü—É–∑—Å–∫–∏–µ –¢—Ä–∞–Ω—Å—Ñ–µ—Ä—ã	116661442
~‚ô•~ Armelle~‚ô•~–≠–ª–∏—Ç–Ω—ã–µ —Ñ—Ä–∞–Ω—Ü—É–∑—Å–∫–∏–µ –¥—É—Ö–∏	110254565
–§—Ä–∞–Ω—Ü—É–∑—Å–∫–∞—è –ø–∞—Ä—Ñ—é–º–µ—Ä–∏—è Ra Group‚ô•–¢–æ–ª—å—è—Ç—Ç–∏	63123041
–ú–∞—Ä—Ü–∏–ø–∞–Ω–°–ü–ë	26638952
| –§—Ä–∞–Ω—Ü—É–∑—Å–∫–∞—è –ú–£–ó–´–ö–ê –∏ –ö–ò–ù–û |	13278634
–§—Ä–∞–Ω—Ü—É–∑—Å–∫–∏–µ –¥—É—Ö–∏ Armelle	129005222
–§—Ä–∞–Ω—Ü—É–∑—Å–∫–∞—è –ø–∞—Ä—Ñ—é–º–µ—Ä–∏—è –∏ –∫–æ—Å–º–µ—Ç–∏–∫–∞	84634174
ARMELLE { –§–†–ê–ù–¶–£–ó–°–ö–ò–ï –î–£–•–ò –ò–ó–í–ï–°–¢–ù–´–• –ë–†–ï–ù–î–û–í.}	132074435
–§—Ä–∞–Ω—Ü—É–∑—Å–∫–∞—è –∞–ø—Ç–µ—á–Ω–∞—è –∫–æ—Å–º–µ—Ç–∏–∫–∞	64337366
—Ñ—Ä–∞–Ω—Ü—É–∑—Å–∫–æ–µ –∫–æ–Ω—Ü–µ–ø—Ç—É–∞–ª—å–Ω–æ–µ –∫–∏–Ω–æ	946387
RF–Ø –†–µ—Å–ø—É–±–ª–∏–∫–∞ –§—Ä–∞–Ω—Ü—É–∑—Å–∫–æ–≥–æ –Ø–∑—ã–∫–∞	155623932
–ê–†–ú–ï–õ–¨- —ç–ª–∏—Ç–Ω–∞—è —Ñ—Ä–∞–Ω—Ü—É–∑—Å–∫–∞—è –ø–∞—Ä—Ñ—é–º–µ—Ä–∏—è.	129083169
Little France —Ñ—Ä–∞–Ω—Ü—É–∑—Å–∫–∏–µ –∏–≥—Ä—É—à–∫–∏	36690946
28 –º–∞—è - –Ø –ø—Ä–∞–∑–¥–Ω—É—é –î–µ–Ω—å –†–æ–∂–¥–µ–Ω—å—è	1702995
–§—Ä–∞–Ω—Ü—É–∑—Å–∫–∞—è –∫—É—Ö–Ω—è	43840998
–§—Ä–∞–Ω—Ü—É–∑—Å–∫–∏–π —è–∑—ã–∫ –æ–Ω–ª–∞–π–Ω: –í—Å–µ —Ä–µ–ø–µ—Ç–∏—Ç–æ—Ä—ã –∏ –∫—É—Ä—Å—ã	193342471
Armelle. –ò–Ω—Ç–µ—Ä–Ω–µ—Ç-–º–∞–≥–∞–∑–∏–Ω / –§—Ä–∞–Ω—Ü—É–∑—Å–∫–∏–µ –¥—É—Ö–∏	99645310
–í—ã–ø—É—Å–∫–Ω–∏–∫–∏ —Ñ—Ä–∞–Ω—Ü—É–∑—Å–∫–æ–≥–æ –∫–æ–ª–ª–µ–¥–∂–∞ –≤ –ú–æ—Å–∫–≤–µ	114574436
–§—Ä–∞–Ω—Ü—É–∑—Å–∫–∏–µ –∞—Ä–æ–º–∞—Ç—ã ** ARMELLE **	114389926
–§—Ä–∞–Ω—Ü—É–∑—Å–∫–∏–µ –∫–æ—Å—ã, –∫–æ—Å–∏—á–∫–∏ –¥–ª—è –¥–µ—Ç–µ–π, –≤–µ—á–µ—Ä–Ω–∏–µ –ø—Ä	31275112
ARMELLE - –§–†–ê–ù–¶–£–ó–°–ö–ê–Ø –ü–ê–†–§–Æ–ú–ï–†–ò–Ø!	93995786
–§—Ä–∞–Ω—Ü—É–∑—Å–∫–∞—è —ç–ª–∏—Ç–Ω–∞—è –ø–∞—Ä—Ñ—é–º–µ—Ä–∏—è	62238508
Tany Nails | –ú–∞–Ω–∏–∫—é—Ä | –ì–µ–ª—å-–ª–∞–∫ | –ö–∏–µ–≤	101319170
–ú–æ–π —Ñ—Ä–∞–Ω—Ü—É–∑—Å–∫–∏–π	47582484
"–°–¢–ï–õ–Ø" –§—Ä–∞–Ω—Ü—É–∑—Å–∫–∏–µ –Ω–∞—Ç—è–∂–Ω—ã–µ –ø–æ—Ç–æ–ª–∫–∏	105068901
–§—Ä–∞–Ω—Ü—É–∑—Å–∫–∞—è –ø–∞—Ä—Ñ—é–º–µ—Ä–∏—è ARMELLE	121444853
***–ù–∞—Ç–∞–ª—å—è  —Ñ—Ä–∞–Ω—Ü—É–∑—Å–∫–∏–µ –∫–æ—Å–∏—á–∫–∏***	42194745
Armelle_—Ñ—Ä–∞–Ω—Ü—É–∑—Å–∫–∏–π –ø–∞—Ä—Ñ—é–º_–±–∏–∑–Ω–µ—Å	119004620
–ê–Ω–≥–ª–∏–π—Å–∫–∏–π –∏ —Ñ—Ä–∞–Ω—Ü—É–∑—Å–∫–∏–π —è–∑—ã–∫ –î–∏–º–∏—Ç—Ä–æ–≤–≥—Ä–∞–¥	158555637
–ü–µ—Ç–µ—Ä–±—É—Ä–∂—Å–∫–∏–π  –∫—Ä—É–∞—Å—Å–∞–Ω (–§—Ä–∞–Ω—Ü—É–∑—Å–∫–∏–π —è–∑—ã–∫)	21875863
–ú–∞–∫–∞—Ä—É–Ω—ã | Macarons –ú–ò–ù–°–ö | –î–æ—Å—Ç–∞–≤–∫–∞|	98292509
"–õ—É–≥–∞–Ω—Å–∫–∏–π –§—Ä–∞–Ω—Ü—É–∑—Å–∫–∏–π –ê–ª—å—è–Ω—Å"	19583599
–§—Ä–∞–Ω—Ü—É–∑—Å–∫–∏–µ –¥—É—Ö–∏	53414541
–ö–ª—É–± –ª—é–±–∏—Ç–µ–ª–µ–π —Ñ—Ä–∞–Ω—Ü—É–∑—Å–∫–æ–≥–æ –ø–∞—Ä—Ñ—é–º–∞	7291278
Yves Rocher - –§—Ä–∞–Ω—Ü—É–∑—Å–∫–∞—è –ö–æ—Å–º–µ—Ç–∏–∫–∞ –≥.–°—É–º—ã	55125303
Armelle –§—Ä–∞–Ω—Ü—É–∑—Å–∫–∏–π –ü–∞—Ä—Ñ—é–º-–ë–∏–∑–Ω–µ—Å	157742656
–ê—Ä–º—ç–ª—å. –§—Ä–∞–Ω—Ü—É–∑—Å–∫–∏–µ –¥—É—Ö–∏.	122560666
–ü–õ–ê–°–¢–ò–ö–û–í–´–ï –û–ö–ù–ê –ü–í–• –í –°–ü–ë. –ù–ï–î–û–†–û–ì–û! –û–°–¢–ï–ö–õ–ï–ù–ò–ï	101788339
–ë–†–ï–ô–î–´ - –§—Ä–∞–Ω—Ü—É–∑—Å–∫–∏–µ –∫–æ—Å–∏—á–∫–∏	10542656
–§—Ä–∞–Ω—Ü—É–∑—Å–∫–∞—è –Ω–∞–ª–∏–≤–Ω–∞—è –ø–∞—Ä—Ñ—é–º–µ—Ä–∏—è —Ñ–∏—Ä–º—ã "RENI"	18648105
–Ø –ª—é–±–ª—é —á–∏—Ç–∞—Ç—å –ø–æ-—Ñ—Ä–∞–Ω—Ü—É–∑—Å–∫–∏	60133484
‚ô¶ ARMELLE ‚ô¶ –§—Ä–∞–Ω—Ü—É–∑—Å–∫–∏–µ –¥—É—Ö–∏ ‚ô¶ –£–ª–∞–Ω-–£–¥—ç ‚ô¶	108572949
–§—Ä–∞–Ω—Ü—É–∑—Å–∫–∏–µ –∫–æ—Å—ã.‚úø –°–∞—Ä–∞–Ω—Å–∫.‚úø	31118573
–§—Ä–∞–Ω—Ü—É–∑—Å–∫–∏–π –æ—Ç A –¥–æ Z - 2	168178375
—Ç–µ—Å—Ç	23819300
–§—Ä–∞–Ω—Ü—É–∑—Å–∫–∏–µ -  –ù–∞—Ç—è–∂–Ω—ã–µ - –ü–æ—Ç–æ–ª–∫–∏	56057684
üå∏–≠–ª–∏—Ç–Ω–∞—è —Ñ—Ä–∞–Ω—Ü—É–∑—Å–∫–∞—è –ø–∞—Ä—Ñ—é–º–µ—Ä–∏—è "ARMELLE"üå∏	133159395
–ú–æ–¥–Ω–∞—è —Ñ—Ä–∞–Ω—Ü—É–∑—Å–∫–∞—è –æ–¥–µ–∂–¥–∞ Deesse!	28349247
–§—Ä–∞–Ω—Ü—É–∑—Å–∫–∏–µ –¥—É—Ö–∏ Armelle —ç–ª–∏—Ç–Ω–∞—è –ø–∞—Ä—Ñ—é–º–µ—Ä–∏—è	146794063
—Ä–µ–ø–µ—Ç–∏—Ç–æ—Ä—Å—Ç–≤–æ —Ñ—Ä–∞–Ω—Ü—É–∑—Å–∫–æ–≥–æ —è–∑—ã–∫–∞	3936619
Armelle /–§—Ä–∞–Ω—Ü—É–∑—Å–∫–∏–µ –¥—É—Ö–∏/–í–æ–ª–æ–≥–¥–∞	93852793
‚ô°ArmeLLe‚ô° –§—Ä–∞–Ω—Ü—É–∑—Å–∫–∞—è –ø–∞—Ä—Ñ—é–º–µ—Ä–∏—è	116303497
SPRINGTIME	26103673
ARMELLE -–≠–õ–ò–¢–ù–ê–Ø –§–†–ê–ù–¶–£–ó–°–ö–ê–Ø –ü–ê–†–§–Æ–ú–ï–†–ò–Ø!!!!	117808222
–û—Å–µ—Ç–∏–Ω—Å–∫–∏–µ –ü–∏—Ä–æ–≥–∏ –ú–æ—Å–∫–≤–∞ ‚óè mosvkus.ru ‚óè –¥–æ—Å—Ç–∞–≤–∫–∞	121331831
*** ‚ô• ƒÑ‚Ñõ‚Ñ≥‚Ñ∞‚Ñí‚Ñí‚Ñ∞ ‚ô• *** –§—Ä–∞–Ω—Ü—É–∑—Å–∫–∞—è –ø–∞—Ä—Ñ—é–º–µ—Ä–∏—è	100291441
–§—Ä–∞–Ω—Ü—É–∑—Å–∫–∏–µ –±—Ä–µ–Ω–¥—ã /–ø–∞—Ä—Ñ—é–º–µ—Ä–∏—è Armelle	109202124
–§—Ä–∞–Ω—Ü—É–∑—Å–∫–∏–π —è–∑—ã–∫	60896277
–° —Ñ—Ä–∞–Ω—Ü—É–∑—Å–∫–∏–º –Ω–∞—Å—Ç—Ä–æ–µ–Ω–∏–µ–º –≤ –•–∞—Ä—å–∫–æ–≤–µ	45728551
–°–≤–∞–¥–µ–±–Ω—ã–π —Å–∞–ª–æ–Ω Boudoir	14878956
–§—Ä–∞–Ω—Ü—É–∑—Å–∫–∏–π —è–∑—ã–∫ –∑–∞ 7 —É—Ä–æ–∫–æ–≤	155749089
Aliz√©e Jacotey ‚òÖ Aliz√©e Lyonnet	13984436
ÀôÀôŒáŸ†‚Ä¢‚óè  –§—Ä–∞–Ω—Ü—É–∑—Å–∫–∏–µ –∫–æ—Å–∏—á–∫–∏ –≤ –ó–∞–ø–æ—Ä–æ–∂—å–µ ‚óè‚Ä¢Ÿ†ŒáÀôÀô	44099502
–§—Ä–∞–Ω—Ü—É–∑—Å–∫–∏–π —è–∑—ã–∫: –∫–∞—Ä—å–µ—Ä–∞, –æ–±—â–µ–Ω–∏–µ, —ç–º–∏–≥—Ä–∞—Ü–∏—è.	11991611
‚òÖ‚òÖ‚òÖ‚òÖ‚òÖ‚òÖ‚òÖ‚òÖ‚òÖ‚òÖ‚òÖ‚òÖ–§–†–ê–ù–¶–£–ó–°–ö–ò–ï –ö–û–°–ò–ß–ö–ò, –ü–†–ò–ß–ï–°–ö–ò, –£–ö–õ–ê–î–ö–ò –æ—Ç –õ–∞–ª—ã‚òÖ‚òÖ‚òÖ‚òÖ‚òÖ‚òÖ‚òÖ‚òÖ‚òÖ‚òÖ‚òÖ‚òÖ	8378074
€© €© –ü–ª–µ—Ç–µ–Ω–∏–µ –ö–û–°–ò–ß–ï–ö. –ü—Ä–∏—á—ë—Å–∫–∏ –∏–∑ –ö–û–°. –§–†–ê–ù–¶–£–ó–°–ö	22640619
‚ô•ƒÑ‚Ñõ‚Ñ≥‚Ñ∞‚Ñí‚Ñí‚Ñ∞‚ô• –§—Ä–∞–Ω—Ü—É–∑—Å–∫–∏–µ –î—É—Ö–∏	97290813
–§—Ä–∞–Ω—Ü—É–∑—Å–∫–∏–µ –Ω–∞—Ç—è–∂–Ω—ã–µ –ø–æ—Ç–æ–ª–∫–∏	67553566
–§—Ä–∞–Ω—Ü—É–∑—Å–∫–∏–π –æ—Ç –ê –¥–æ Z - 3	171134097
–ö–ª—É–± –§—Ä–∞–Ω—Ü—É–∑—Å–∫–æ–≥–æ –±—É–ª—å–¥–æ–≥–∞ "–ê–ª—å—Ç–µ—Å –õ–µ–¥–∏–±–æ—Ä"	16468461
–§—Ä–∞–Ω—Ü—É–∑—Å–∫–∏–π —è–∑—ã–∫ —Å HOGWARTS - #–ª—é–±–ª—é—è–∑—ã–∫	87720188
–§—Ä–∞–Ω—Ü—É–∑—Å–∫–∞—è –ø–∞—Ä—Ñ—é–º–µ—Ä–∏—è "AromaVis" –≤ –ö–∞–ª—É–≥–µ	66125377
–§—Ä–∞–Ω—Ü—É–∑—Å–∫–∏–µ –¥—É—Ö–∏ - –ø—Ä—è–º—ã–µ –ø–æ—Å—Ç–∞–≤–∫–∏ | AromaVis	68355547
.......‚áë‚à¥ ‚à¥ –≠–ª–∏—Ç–Ω–∞—è, –§—Ä–∞–Ω—Ü—É–∑—Å–∫–∞—è –ë–∏–æ–∫–æ—Å–º–µ—Ç–∏–∫–∞, –î–æ–º–æ–≤ –≤—ã—Å–æ–∫–æ–π –º–æ–¥—ã. ‚à¥ ‚à¥‚áë.....	14749294
–ê—Ä–º–µ–ª—å|Armelle|–§—Ä–∞–Ω—Ü—É–∑—Å–∫–∏–µ –¥—É—Ö–∏|–û—Ä–µ–Ω–±—É—Ä–≥|–†–∞–±–æ—Ç–∞	117965941
–§—Ä–∞–Ω—Ü—É–∑—Å–∫–∏–µ –¥—É—Ö–∏	77342436
–°–≤–∞–¥–µ–±–Ω—ã–µ —Ñ–æ—Ç–æ–∞–ª—å–±–æ–º—ã –∏ —Ñ–æ—Ç–æ–∫–Ω–∏–≥–∏ –≤ –ß–µ–ª—è–±–∏–Ω—Å–∫–µ	52705198
–§—Ä–∞–Ω—Ü—É–∑—Å–∫–∏–π –¥–µ—Å–µ—Ä—Ç Macarons	62212521
–§—Ä–∞–Ω—Ü—É–∑—Å–∫–∞—è –ø–∞—Ä—Ñ—é–º–µ—Ä–∏—è Royal Parfums –í—ã—à–≥–æ—Ä–æ–¥	121672355
–°–ü–± –§—Ä–ê–Ω–¶—É–ó—Å–ö–∏–ô –ü–∞–†—Ñ–Æ–º....–õ–∏—Ö–æ—Å–ª–∞–≤–ª—å....	148120791
–§–†–ê–ù–¶–£–ó–°–ö–ò–ô –ü–ê–†–§–Æ–ú –ò –ö–û–°–ú–ï–¢–ò–ö–ê –ø–æ —Ü–µ–Ω–∞–º –ø—Ä–æ–∏–∑–≤–æ–¥	12763331
–¢–ò–≠–ú | –†–û–°–°–ò–ô–°–ö–û-–§–†–ê–ù–¶–£–ó–°–ö–ò–ô –í–£–ó	24148744
–ö—É—Ä—Å—ã —Ñ—Ä–∞–Ω—Ü—É–∑—Å–∫–æ–≥–æ, –Ω–µ–º–µ—Ü–∫–æ–≥–æ –∏ –¥—Ä —è–∑—ã–∫–æ–≤ - –¢–£–õ–ê	53948074
–§—Ä–∞–Ω—Ü—É–∑—Å–∫–∏–µ –¥—É—Ö–∏ Armelle -  –≥.–ö–µ–º–µ—Ä–æ–≤–æ	140732618
–§—Ä–∞–Ω—Ü—É–∑—Å–∫–∏–µ –¥—É—Ö–∏	108702596
–ü–û–®–ò–í –®–¢–û–†	20250111
–ê—Ä–º–µ–ª—å_Armelle_–ï–∫–± - —Ñ—Ä–∞–Ω—Ü—É–∑—Å–∫–∞—è –ø–∞—Ä—Ñ—é–º–µ—Ä–∏—è	126975809
–§—Ä–∞–Ω—Ü—É–∑—Å–∫–∏–π c –ø–µ—Å–Ω–µ–π (–º–∏—Ä –º—é–∑–∏–∫–ª–æ–≤). –•–ê–†–¨–ö–û–í	18672323
–§—Ä–∞–Ω—Ü—É–∑—Å–∫–∞—è –ø–∞—Ä—Ñ—é–º–µ—Ä–∏—è - Indigo! (–ö–∏—à–∏–Ω–µ–≤)	68572261
